tick,total_waste,green_waste,yellow_waste,red_waste,waste_disposed,avg_energy,messages_sent
1,15,15,0,0,0,99.0,0
2,14,14,0,0,0,97.88888888888889,6
3,13,13,0,0,0,96.77777777777777,12
4,12,12,0,0,0,95.66666666666667,19
5,12,12,0,0,0,94.66666666666667,26
6,12,12,0,0,0,93.66666666666667,34
7,12,12,0,0,0,92.66666666666667,43
8,11,11,0,0,0,91.55555555555556,49
9,11,11,0,0,0,90.11111111111111,56
10,11,11,0,0,0,89.11111111111111,66
11,11,11,0,0,0,88.11111111111111,75
12,11,11,0,0,0,87.11111111111111,84
13,11,11,0,0,0,86.11111111111111,94
14,11,11,0,0,0,85.11111111111111,103
15,11,11,0,0,0,84.11111111111111,111
16,10,10,0,0,0,83.0,119
17,11,10,1,0,0,81.55555555555556,127
18,11,10,1,0,0,80.55555555555556,137
19,11,10,1,0,0,79.55555555555556,145
20,12,10,2,0,0,78.55555555555556,153
21,12,10,2,0,0,77.55555555555556,162
22,12,10,2,0,0,76.55555555555556,170
23,10,9,1,0,0,75.33333333333333,177
24,10,9,1,0,0,74.33333333333333,183
25,10,9,1,0,0,73.33333333333333,192
26,10,9,1,0,0,72.33333333333333,201
27,9,8,1,0,0,71.22222222222223,209
28,9,8,1,0,0,70.22222222222223,218
29,9,8,1,0,0,69.22222222222223,227
30,8,7,1,0,0,68.11111111111111,235
31,8,7,1,0,0,66.66666666666667,243
32,7,6,1,0,0,65.55555555555556,250
33,6,5,1,0,0,64.0,257
34,6,5,1,0,0,62.55555555555556,265
35,7,5,2,0,0,61.55555555555556,274
36,7,5,2,0,0,60.55555555555556,284
37,7,5,2,0,0,59.55555555555556,294
38,7,5,2,0,0,58.55555555555556,304
39,7,5,2,0,0,57.55555555555556,314
40,8,5,3,0,0,56.44444444444444,322
41,7,4,3,0,0,56.22222222222222,330
42,7,4,3,0,0,56.111111111111114,336
43,7,4,3,0,0,55.111111111111114,343
44,6,3,3,0,0,54.0,349
45,6,3,3,0,0,52.55555555555556,357
46,6,3,3,0,0,51.55555555555556,366
47,6,3,3,0,0,50.55555555555556,375
48,6,3,3,0,0,49.55555555555556,384
49,5,3,2,0,0,48.44444444444444,392
50,5,3,2,0,0,47.0,400
51,5,3,2,0,0,46.0,409
52,5,3,2,0,0,45.0,418
53,5,3,2,0,0,44.0,427
54,6,3,3,0,0,43.0,436
55,6,3,3,0,0,42.0,446
56,6,3,3,0,0,41.0,455
57,5,3,2,0,0,39.888888888888886,462
58,5,3,2,0,0,38.44444444444444,470
59,5,3,2,0,0,37.44444444444444,479
60,5,0,5,0,0,36.44444444444444,488
61,6,0,5,1,0,35.44444444444444,497
62,6,0,5,1,0,34.44444444444444,507
63,6,0,5,1,0,33.44444444444444,516
64,6,0,5,1,0,32.44444444444444,525
65,6,0,5,1,0,31.444444444444443,534
66,6,0,5,1,0,30.444444444444443,543
67,6,0,5,1,0,29.444444444444443,552
68,6,0,5,1,0,28.444444444444443,561
69,7,0,5,2,0,27.444444444444443,570
70,7,0,5,2,0,26.444444444444443,580
71,7,0,5,2,0,25.444444444444443,590
72,7,0,5,2,0,24.444444444444443,599
73,7,0,5,2,0,23.444444444444443,608
74,6,0,4,2,0,22.333333333333332,616
75,5,0,4,1,0,21.22222222222222,623
76,5,0,4,1,0,20.22222222222222,631
77,5,0,4,1,0,19.22222222222222,639
78,4,0,4,0,0,18.11111111111111,646
79,4,0,4,0,0,17.11111111111111,654
80,4,0,4,0,0,16.11111111111111,663
81,4,0,4,0,0,15.11111111111111,672
82,4,0,4,0,0,14.11111111111111,681
83,4,0,4,0,0,13.11111111111111,690
84,4,0,4,0,0,12.11111111111111,699
85,4,0,4,0,0,11.11111111111111,708
86,4,0,4,0,1,10.11111111111111,717
87,4,0,4,0,1,9.11111111111111,726
88,4,0,4,0,1,8.11111111111111,735
89,4,0,4,0,2,8.0,744
90,6,2,4,0,2,7.0,753
91,6,2,4,0,2,6.0,761
92,6,2,4,0,2,5.444444444444445,769
93,5,1,4,0,2,4.777777777777778,777
94,5,1,4,0,2,3.7777777777777777,785
95,5,1,4,0,2,4.111111111111111,794
96,5,1,4,0,2,3.5555555555555554,803
97,5,1,4,0,2,3.0,812
98,5,1,4,0,2,2.0,820
99,4,0,4,0,2,2.2222222222222223,828
100,4,0,4,0,2,3.0,836
101,4,0,4,0,2,2.0,845
102,4,0,4,0,2,1.0,854
103,4,0,4,0,2,1.7777777777777777,863
104,4,0,4,0,2,2.5555555555555554,872
105,4,0,4,0,2,1.5555555555555556,881
106,4,0,4,0,2,0.5555555555555556,890
107,4,0,4,0,2,1.3333333333333333,899
108,4,0,4,0,2,2.5555555555555554,908
109,4,0,4,0,2,1.5555555555555556,917
110,4,0,4,0,2,0.5555555555555556,926
111,4,0,4,0,2,1.3333333333333333,935
112,4,0,4,0,2,2.5555555555555554,944
113,4,0,4,0,2,1.5555555555555556,953
114,4,0,4,0,2,0.5555555555555556,962
115,4,0,4,0,2,1.3333333333333333,971
116,4,0,4,0,2,2.5555555555555554,980
117,4,0,4,0,2,1.5555555555555556,988
118,3,0,3,0,2,0.4444444444444444,996
119,3,0,3,0,2,1.6666666666666667,1004
120,3,0,3,0,2,2.888888888888889,1013
121,3,0,3,0,2,1.4444444444444444,1022
122,3,0,3,0,2,0.4444444444444444,1031
123,3,0,3,0,2,1.6666666666666667,1040
124,3,0,3,0,2,2.4444444444444446,1049
125,3,0,3,0,2,1.4444444444444444,1058
126,3,0,3,0,2,0.4444444444444444,1067
127,3,0,3,0,2,1.6666666666666667,1076
128,3,0,3,0,2,2.4444444444444446,1085
129,3,0,3,0,2,1.4444444444444444,1094
130,3,0,3,0,2,0.4444444444444444,1103
131,3,0,3,0,2,1.6666666666666667,1112
132,3,0,3,0,2,2.4444444444444446,1121
133,3,0,3,0,2,1.4444444444444444,1130
134,3,0,3,0,2,0.4444444444444444,1139
135,3,0,3,0,2,1.6666666666666667,1148
136,4,0,3,1,2,2.4444444444444446,1157
137,4,0,3,1,2,1.4444444444444444,1167
138,4,0,3,1,2,0.4444444444444444,1176
139,4,0,3,1,2,1.6666666666666667,1185
140,4,0,0,4,2,2.4444444444444446,1194
141,4,0,0,4,2,1.4444444444444444,1203
142,4,0,0,4,2,0.4444444444444444,1212
143,4,0,0,4,2,1.6666666666666667,1221
144,4,0,0,4,2,2.4444444444444446,1230
145,4,0,0,4,2,1.4444444444444444,1239
146,4,0,0,4,2,0.4444444444444444,1248
147,4,0,0,4,2,1.6666666666666667,1257
148,4,0,0,4,2,2.4444444444444446,1266
149,4,0,0,4,2,1.4444444444444444,1275
150,4,0,0,4,2,0.4444444444444444,1284
151,4,0,0,4,2,1.6666666666666667,1293
152,4,0,0,4,2,2.4444444444444446,1302
153,4,0,0,4,2,1.4444444444444444,1311
154,4,0,0,4,2,0.4444444444444444,1320
155,4,0,0,4,2,1.6666666666666667,1329
156,4,0,0,4,2,2.4444444444444446,1338
157,4,0,0,4,2,1.4444444444444444,1347
158,4,0,0,4,2,0.4444444444444444,1356
159,4,0,0,4,2,1.6666666666666667,1365
160,4,0,0,4,2,2.4444444444444446,1374
161,4,0,0,4,2,1.4444444444444444,1383
162,4,0,0,4,2,0.4444444444444444,1392
163,4,0,0,4,2,1.6666666666666667,1401
164,4,0,0,4,2,2.4444444444444446,1410
165,4,0,0,4,2,1.4444444444444444,1419
166,4,0,0,4,2,0.4444444444444444,1428
167,4,0,0,4,2,1.6666666666666667,1437
168,4,0,0,4,2,2.4444444444444446,1446
169,4,0,0,4,2,1.4444444444444444,1455
170,4,0,0,4,2,0.4444444444444444,1464
171,4,0,0,4,2,1.6666666666666667,1473
172,4,0,0,4,2,2.4444444444444446,1482
173,4,0,0,4,2,1.4444444444444444,1491
174,4,0,0,4,2,0.4444444444444444,1500
175,4,0,0,4,2,1.6666666666666667,1509
176,4,0,0,4,2,2.4444444444444446,1518
177,4,0,0,4,2,1.4444444444444444,1527
178,4,0,0,4,2,0.4444444444444444,1536
179,4,0,0,4,2,1.6666666666666667,1545
180,6,2,0,4,2,2.4444444444444446,1554
181,6,2,0,4,2,1.4444444444444444,1562
182,6,2,0,4,2,0.4444444444444444,1570
183,6,2,0,4,2,2.111111111111111,1578
184,5,1,0,4,2,2.3333333333333335,1586
185,5,1,0,4,2,1.7777777777777777,1594
186,5,1,0,4,2,0.3333333333333333,1603
187,5,1,0,4,2,2.0,1612
188,5,1,0,4,2,2.3333333333333335,1621
189,5,1,0,4,2,1.3333333333333333,1630
190,5,1,0,4,2,0.3333333333333333,1639
191,5,1,0,4,2,2.0,1648
192,5,1,0,4,2,2.3333333333333335,1657
193,6,1,1,4,2,1.3333333333333333,1666
194,6,1,1,4,2,0.3333333333333333,1676
195,6,1,1,4,2,2.0,1684
196,6,1,1,4,2,2.3333333333333335,1692
197,5,1,1,3,2,1.2222222222222223,1700
198,5,1,1,3,2,0.2222222222222222,1708
199,5,1,1,3,2,2.3333333333333335,1717
200,5,1,1,3,2,2.2222222222222223,1725
201,5,1,1,3,2,1.2222222222222223,1733
202,5,1,1,3,2,0.6666666666666666,1741
203,4,1,0,3,2,2.2222222222222223,1748
204,4,1,0,3,2,2.111111111111111,1755
205,4,1,0,3,2,1.1111111111111112,1764
206,4,1,0,3,2,0.5555555555555556,1773
207,4,1,0,3,2,2.2222222222222223,1782
208,4,1,0,3,2,2.111111111111111,1791
209,4,1,0,3,2,1.1111111111111112,1800
210,4,1,0,3,2,0.5555555555555556,1809
211,4,1,0,3,2,2.2222222222222223,1818
212,4,1,0,3,3,2.111111111111111,1827
213,4,1,0,3,3,1.1111111111111112,1836
214,4,1,0,3,3,0.5555555555555556,1845
215,4,1,0,3,3,2.2222222222222223,1854
216,4,1,0,3,3,2.111111111111111,1863
217,4,1,0,3,3,1.1111111111111112,1872
218,4,1,0,3,3,0.5555555555555556,1881
219,4,1,0,3,3,2.2222222222222223,1890
220,4,1,0,3,3,2.111111111111111,1899
221,4,1,0,3,3,1.1111111111111112,1908
222,4,1,0,3,3,0.5555555555555556,1917
223,4,1,0,3,3,2.2222222222222223,1926
224,4,1,0,3,3,2.111111111111111,1935
225,4,1,0,3,3,1.1111111111111112,1944
226,4,1,0,3,3,1.0,1952
227,3,0,0,3,3,2.111111111111111,1960
228,3,0,0,3,3,2.0,1968
229,3,0,0,3,3,1.0,1977
230,3,0,0,3,3,0.8888888888888888,1986
231,3,0,0,3,3,2.111111111111111,1995
232,3,0,0,3,3,2.0,2004
233,3,0,0,3,3,1.0,2013
234,3,0,0,3,3,0.8888888888888888,2022
235,3,0,0,3,3,2.111111111111111,2031
236,3,0,0,3,3,2.0,2040
237,3,0,0,3,3,1.0,2049
238,3,0,0,3,3,0.8888888888888888,2058
239,3,0,0,3,3,2.111111111111111,2067
240,3,0,0,3,3,2.0,2076
241,3,0,0,3,3,1.0,2085
242,3,0,0,3,3,0.8888888888888888,2094
243,3,0,0,3,3,2.111111111111111,2103
244,3,0,0,3,3,2.0,2112
245,3,0,0,3,3,1.0,2121
246,3,0,0,3,3,0.8888888888888888,2130
247,3,0,0,3,3,2.111111111111111,2139
248,3,0,0,3,3,2.0,2148
249,3,0,0,3,3,1.0,2157
250,3,0,0,3,3,0.8888888888888888,2166
251,3,0,0,3,3,2.111111111111111,2175
252,3,0,0,3,3,2.0,2184
253,3,0,0,3,3,1.0,2193
254,3,0,0,3,3,0.8888888888888888,2202
255,3,0,0,3,3,2.111111111111111,2211
256,3,0,0,3,3,2.0,2220
257,3,0,0,3,3,1.0,2229
258,3,0,0,3,3,0.8888888888888888,2239
259,3,0,0,3,3,2.111111111111111,2249
260,3,0,0,3,3,2.0,2259
261,3,0,0,3,3,1.0,2269
262,3,0,0,3,3,0.8888888888888888,2279
263,3,0,0,3,3,2.111111111111111,2289
264,3,0,0,3,3,2.0,2299
265,3,0,0,3,3,1.0,2309
266,3,0,0,3,3,0.8888888888888888,2319
267,3,0,0,3,3,2.111111111111111,2329
268,3,0,0,3,3,2.0,2339
269,3,0,0,3,3,1.0,2349
270,6,3,0,3,3,0.8888888888888888,2359
271,6,3,0,3,3,2.111111111111111,2368
272,6,3,0,3,3,2.0,2377
273,6,3,0,3,3,1.0,2385
274,6,3,0,3,3,0.8888888888888888,2393
275,6,3,0,3,3,2.5555555555555554,2400
276,5,2,0,3,3,1.8888888888888888,2408
277,5,2,0,3,3,1.3333333333333333,2416
278,5,2,0,3,3,0.7777777777777778,2425
279,5,2,0,3,3,2.4444444444444446,2434
280,6,2,1,3,3,1.8888888888888888,2443
281,6,2,1,3,3,0.8888888888888888,2453
282,6,2,1,3,3,0.7777777777777778,2462
283,6,2,1,3,3,2.4444444444444446,2470
284,5,1,1,3,3,1.7777777777777777,2478
285,5,1,1,3,3,0.7777777777777778,2486
286,5,1,1,3,3,1.1111111111111112,2494
287,5,1,1,3,3,2.3333333333333335,2502
288,4,1,0,3,3,1.6666666666666667,2510
289,4,1,0,3,3,1.1111111111111112,2518
290,4,1,0,3,3,1.4444444444444444,2527
291,4,1,0,3,3,2.2222222222222223,2536
292,4,1,0,3,3,1.6666666666666667,2545
293,4,1,0,3,3,1.1111111111111112,2554
294,4,1,0,3,3,1.0,2563
295,4,1,0,3,3,2.2222222222222223,2572
296,4,1,0,3,3,1.6666666666666667,2581
297,4,1,0,3,3,1.1111111111111112,2590
298,4,1,0,3,3,1.0,2599
299,4,1,0,3,3,2.2222222222222223,2608
300,4,1,0,3,3,1.6666666666666667,2617
301,4,1,0,3,3,1.1111111111111112,2626
302,4,1,0,3,3,1.0,2635
303,4,1,0,3,3,2.2222222222222223,2644
304,4,1,0,3,3,1.6666666666666667,2653
305,4,1,0,3,3,1.1111111111111112,2662
306,5,1,0,4,3,1.0,2671
307,5,1,0,4,3,2.2222222222222223,2680
308,5,1,0,4,3,1.6666666666666667,2687
309,4,1,0,3,3,1.4444444444444444,2694
310,4,1,0,3,3,1.7777777777777777,2702
311,4,1,0,3,3,3.0,2711
312,4,1,0,3,3,2.0,2720
313,4,1,0,3,3,1.4444444444444444,2729
314,4,1,0,3,3,1.3333333333333333,2738
315,4,1,0,3,3,2.5555555555555554,2747
316,4,1,0,3,3,1.5555555555555556,2756
317,4,1,0,3,3,1.0,2765
318,4,1,0,3,3,0.8888888888888888,2774
319,4,1,0,3,3,2.5555555555555554,2783
320,4,1,0,3,3,1.5555555555555556,2792
321,4,1,0,3,3,1.0,2801
322,4,1,0,3,3,0.8888888888888888,2810
323,4,1,0,3,3,2.5555555555555554,2819
324,4,1,0,3,4,1.5555555555555556,2828
325,4,1,0,3,4,1.0,2837
326,4,1,0,3,4,0.8888888888888888,2846
327,4,1,0,3,4,2.5555555555555554,2855
328,4,1,0,3,4,1.5555555555555556,2865
329,4,1,0,3,4,1.0,2875
330,4,0,1,3,4,0.8888888888888888,2884
331,4,0,1,3,4,2.5555555555555554,2893
332,4,0,1,3,4,1.5555555555555556,2902
333,4,0,1,3,4,1.0,2911
334,4,0,1,3,4,0.8888888888888888,2920
335,4,0,1,3,4,2.5555555555555554,2929
336,4,0,1,3,4,1.5555555555555556,2938
337,4,0,1,3,4,1.0,2947
338,4,0,1,3,4,0.8888888888888888,2956
339,4,0,1,3,4,2.5555555555555554,2965
340,4,0,1,3,4,1.5555555555555556,2974
341,4,0,1,3,4,1.0,2983
342,4,0,1,3,4,0.8888888888888888,2992
343,4,0,1,3,4,2.5555555555555554,3001
344,4,0,1,3,4,1.5555555555555556,3010
345,4,0,1,3,4,1.0,3019
346,4,0,1,3,4,0.8888888888888888,3028
347,4,0,1,3,4,2.5555555555555554,3037
348,4,0,1,3,4,1.5555555555555556,3046
349,4,0,1,3,4,1.0,3055
350,4,0,1,3,4,0.8888888888888888,3064
351,4,0,1,3,4,2.5555555555555554,3073
352,4,0,1,3,4,1.5555555555555556,3082
353,4,0,1,3,4,1.0,3091
354,4,0,1,3,4,0.8888888888888888,3100
355,4,0,1,3,4,2.5555555555555554,3109
356,4,0,1,3,4,1.5555555555555556,3118
357,4,0,1,3,4,1.0,3127
358,4,0,1,3,4,0.8888888888888888,3136
359,4,0,1,3,4,2.5555555555555554,3145
360,7,3,1,3,4,1.5555555555555556,3154
361,7,3,1,3,4,1.0,3163
362,7,3,1,3,4,0.8888888888888888,3172
363,7,3,1,3,4,2.5555555555555554,3181
364,7,3,1,3,4,1.5555555555555556,3190
365,7,3,1,3,4,1.0,3199
366,7,3,1,3,4,0.8888888888888888,3208
367,7,3,1,3,4,2.5555555555555554,3217
368,7,3,1,3,4,1.5555555555555556,3227
369,7,3,1,3,4,1.0,3237
370,7,3,1,3,4,0.8888888888888888,3246
371,7,3,1,3,4,2.5555555555555554,3256
372,7,3,1,3,4,1.5555555555555556,3265
373,7,3,1,3,4,1.0,3274
374,7,3,1,3,4,0.8888888888888888,3283
375,7,3,1,3,4,2.5555555555555554,3292
376,7,3,1,3,4,1.5555555555555556,3301
377,7,3,1,3,4,1.0,3310
378,7,3,1,3,4,0.8888888888888888,3319
379,7,3,1,3,4,2.5555555555555554,3328
380,7,3,1,3,4,1.5555555555555556,3337
381,7,3,1,3,4,1.0,3346
382,7,3,1,3,4,0.8888888888888888,3355
383,7,3,1,3,4,2.5555555555555554,3364
384,7,3,1,3,4,1.5555555555555556,3373
385,7,3,1,3,4,1.0,3382
386,7,3,1,3,4,0.8888888888888888,3391
387,7,3,1,3,4,2.5555555555555554,3400
388,7,3,1,3,4,1.5555555555555556,3409
389,7,3,1,3,4,1.0,3418
390,7,3,1,3,4,0.8888888888888888,3427
391,7,3,1,3,4,2.5555555555555554,3436
392,7,3,1,3,4,1.5555555555555556,3445
393,7,3,1,3,4,1.0,3454
394,7,3,1,3,4,0.8888888888888888,3463
395,7,3,1,3,4,2.5555555555555554,3472
396,7,3,1,3,4,1.5555555555555556,3481
397,7,3,1,3,4,1.0,3490
398,7,3,1,3,4,0.8888888888888888,3499
399,7,3,1,3,4,2.5555555555555554,3508
400,7,3,1,3,4,1.5555555555555556,3516
401,7,3,1,3,4,1.0,3524
402,7,3,1,3,4,1.3333333333333333,3532
403,6,2,1,3,4,2.4444444444444446,3540
404,6,2,1,3,4,1.4444444444444444,3548
405,6,2,1,3,4,0.8888888888888888,3557
406,6,2,1,3,4,1.2222222222222223,3566
407,6,2,1,3,4,2.4444444444444446,3575
408,6,2,1,3,4,1.4444444444444444,3584
409,6,2,1,3,4,0.8888888888888888,3593
410,6,2,0,4,4,1.2222222222222223,3602
411,6,2,0,4,4,2.4444444444444446,3611
412,6,2,0,4,4,1.4444444444444444,3620
413,6,2,0,4,4,0.8888888888888888,3629
414,6,2,0,4,4,1.2222222222222223,3638
415,6,2,0,4,4,2.4444444444444446,3647
416,6,2,0,4,4,1.4444444444444444,3655
417,6,2,0,4,4,0.8888888888888888,3663
418,6,2,0,4,4,1.6666666666666667,3671
419,5,1,0,4,4,2.3333333333333335,3679
420,5,0,1,4,4,1.3333333333333333,3687
421,5,0,1,4,4,0.7777777777777778,3696
422,5,0,1,4,4,1.5555555555555556,3705
423,5,0,1,4,4,2.3333333333333335,3714
424,5,0,1,4,4,1.3333333333333333,3723
425,5,0,1,4,4,0.7777777777777778,3733
426,5,0,1,4,4,1.5555555555555556,3743
427,5,0,1,4,4,2.3333333333333335,3752
428,5,0,1,4,4,1.3333333333333333,3761
429,5,0,1,4,4,0.7777777777777778,3771
430,5,0,1,4,4,1.5555555555555556,3780
431,5,0,1,4,4,2.3333333333333335,3790
432,5,0,1,4,4,1.3333333333333333,3800
433,5,0,1,4,4,0.7777777777777778,3810
434,5,0,1,4,4,1.5555555555555556,3820
435,5,0,1,4,4,2.3333333333333335,3830
436,5,0,1,4,4,1.3333333333333333,3840
437,5,0,1,4,4,0.7777777777777778,3849
438,5,0,1,4,4,1.5555555555555556,3858
439,5,0,1,4,4,2.3333333333333335,3867
440,5,0,1,4,4,1.3333333333333333,3876
441,5,0,1,4,4,0.7777777777777778,3885
442,5,0,1,4,4,1.5555555555555556,3894
443,5,0,1,4,4,2.3333333333333335,3903
444,5,0,1,4,4,1.3333333333333333,3912
445,5,0,1,4,4,0.7777777777777778,3921
446,5,0,1,4,4,1.5555555555555556,3931
447,5,0,1,4,4,2.3333333333333335,3940
448,5,0,1,4,4,1.3333333333333333,3949
449,5,0,1,4,4,0.7777777777777778,3958
450,9,4,1,4,4,1.5555555555555556,3968
451,9,4,1,4,4,2.3333333333333335,3975
452,8,3,1,4,4,1.2222222222222223,3982
453,8,3,1,4,4,1.5555555555555556,3989
454,7,2,1,4,4,1.7777777777777777,3997
455,7,2,1,4,4,2.5555555555555554,4004
456,7,2,1,4,4,1.1111111111111112,4012
457,7,2,1,4,4,1.8888888888888888,4020
458,6,1,1,4,4,1.2222222222222223,4028
459,6,1,1,4,4,2.4444444444444446,4036
460,6,1,1,4,4,1.0,4045
461,6,1,1,4,4,1.7777777777777777,4054
462,7,1,2,4,4,1.6666666666666667,4063
463,7,1,2,4,4,1.8888888888888888,4072
464,8,1,3,4,4,1.7777777777777777,4081
465,7,1,2,4,4,2.0,4089
466,7,1,2,4,4,2.3333333333333335,4097
467,7,1,2,4,4,2.6666666666666665,4106
468,7,1,2,4,4,1.6666666666666667,4115
469,7,1,2,4,4,2.0,4124
470,7,1,2,4,4,1.4444444444444444,4133
471,7,1,2,4,4,1.7777777777777777,4142
472,7,1,2,4,4,1.2222222222222223,4151
473,7,1,2,4,4,1.5555555555555556,4160
474,7,1,2,4,4,1.4444444444444444,4168
475,6,1,1,4,4,2.111111111111111,4175
476,6,1,1,4,4,2.0,4182
477,6,1,1,4,4,3.6666666666666665,4191
478,6,1,1,4,4,2.6666666666666665,4200
479,6,1,1,4,4,2.5555555555555554,4209
480,6,1,1,4,4,1.5555555555555556,4218
481,6,1,1,4,4,2.3333333333333335,4227
482,6,1,1,4,4,1.7777777777777777,4236
483,6,1,1,4,4,2.111111111111111,4245
484,6,1,1,4,4,1.1111111111111112,4254
485,6,1,1,4,4,1.8888888888888888,4263
486,6,1,1,4,4,1.3333333333333333,4272
487,6,1,1,4,4,1.6666666666666667,4281
488,6,1,1,4,4,1.1111111111111112,4290
489,6,1,1,4,4,1.8888888888888888,4299
490,6,1,1,4,4,1.3333333333333333,4308
491,6,1,1,4,4,1.6666666666666667,4317
492,7,1,1,5,4,1.1111111111111112,4326
493,7,1,1,5,4,1.8888888888888888,4336
494,7,1,1,5,4,1.3333333333333333,4345
495,7,1,1,5,4,1.6666666666666667,4354
496,7,1,1,5,4,1.1111111111111112,4362
497,6,1,1,4,4,1.7777777777777777,4370
498,6,1,1,4,4,1.6666666666666667,4378
499,6,1,1,4,4,1.5555555555555556,4387
500,6,1,0,5,4,1.4444444444444444,4395
501,5,0,0,5,4,1.6666666666666667,4404
502,5,0,0,5,4,1.5555555555555556,4413
503,5,0,0,5,4,1.4444444444444444,4422
504,5,0,0,5,4,1.3333333333333333,4431
505,5,0,0,5,4,1.6666666666666667,4441
506,5,0,0,5,4,1.5555555555555556,4451
507,5,0,0,5,4,1.4444444444444444,4460
508,5,0,0,5,4,1.3333333333333333,4469
509,5,0,0,5,4,1.6666666666666667,4479
510,5,0,0,5,4,1.5555555555555556,4489
511,5,0,0,5,4,1.4444444444444444,4499
512,5,0,0,5,5,1.3333333333333333,4508
513,5,0,0,5,5,1.6666666666666667,4517
514,5,0,0,5,5,1.5555555555555556,4526
515,5,0,0,5,5,1.4444444444444444,4535
516,5,0,0,5,5,1.3333333333333333,4544
517,5,0,0,5,5,1.6666666666666667,4553
518,5,0,0,5,5,1.5555555555555556,4562
519,5,0,0,5,5,1.4444444444444444,4571
520,5,0,0,5,5,1.3333333333333333,4580
521,5,0,0,5,5,1.6666666666666667,4589
522,5,0,0,5,5,1.5555555555555556,4598
523,5,0,0,5,5,1.4444444444444444,4607
524,5,0,0,5,5,1.3333333333333333,4616
525,5,0,0,5,5,1.6666666666666667,4625
526,5,0,0,5,5,1.5555555555555556,4634
527,5,0,0,5,5,1.4444444444444444,4643
528,5,0,0,5,5,1.3333333333333333,4652
529,5,0,0,5,5,1.6666666666666667,4661
530,5,0,0,5,5,1.5555555555555556,4670
531,5,0,0,5,5,1.4444444444444444,4679
532,5,0,0,5,5,1.3333333333333333,4688
533,5,0,0,5,5,1.6666666666666667,4697
534,5,0,0,5,5,1.5555555555555556,4706
535,5,0,0,5,5,1.4444444444444444,4715
536,5,0,0,5,5,1.3333333333333333,4724
537,5,0,0,5,5,1.6666666666666667,4733
538,5,0,0,5,5,1.5555555555555556,4742
539,5,0,0,5,5,1.4444444444444444,4751
540,10,4,1,5,5,1.3333333333333333,4760
541,10,4,1,5,5,2.111111111111111,4767
542,9,3,1,5,5,1.4444444444444444,4774
543,9,3,1,5,5,2.2222222222222223,4781
544,8,2,1,5,5,1.1111111111111112,4789
545,8,2,1,5,5,2.3333333333333335,4797
546,9,2,2,5,5,1.3333333333333333,4806
547,9,2,2,5,5,1.6666666666666667,4816
548,9,2,2,5,5,1.1111111111111112,4825
549,9,2,2,5,5,1.8888888888888888,4834
550,10,2,3,5,5,1.3333333333333333,4843
551,10,2,3,5,5,1.6666666666666667,4853
552,10,2,3,5,5,1.1111111111111112,4862
553,10,2,3,5,5,1.8888888888888888,4871
554,10,2,3,5,5,1.3333333333333333,4880
555,10,2,3,5,5,1.6666666666666667,4889
556,10,2,3,5,5,1.1111111111111112,4898
557,10,2,3,5,5,1.8888888888888888,4906
558,10,2,3,5,5,1.3333333333333333,4913
559,9,1,3,5,5,1.5555555555555556,4920
560,9,1,3,5,5,1.4444444444444444,4927
561,8,1,2,5,5,1.6666666666666667,4935
562,8,1,2,5,5,1.5555555555555556,4944
563,8,1,2,5,5,1.4444444444444444,4954
564,8,1,2,5,5,1.3333333333333333,4964
565,8,1,2,5,5,1.6666666666666667,4973
566,7,1,1,5,5,1.4444444444444444,4982
567,7,1,1,5,5,1.7777777777777777,4991
568,7,1,1,5,5,1.6666666666666667,5001
569,7,1,1,5,5,1.5555555555555556,5009
570,6,0,1,5,5,1.3333333333333333,5017
571,6,0,1,5,5,1.6666666666666667,5025
572,6,0,1,5,5,1.5555555555555556,5034
573,6,0,1,5,5,1.4444444444444444,5043
574,7,0,1,6,5,1.3333333333333333,5052
575,7,0,1,6,5,1.6666666666666667,5062
576,7,0,1,6,5,1.5555555555555556,5071
577,7,0,1,6,5,1.4444444444444444,5080
578,7,0,1,6,5,1.3333333333333333,5089
579,7,0,1,6,5,1.6666666666666667,5097
580,7,0,1,6,5,1.5555555555555556,5105
581,7,0,1,6,5,1.4444444444444444,5113
582,7,0,1,6,5,1.3333333333333333,5121
583,7,0,1,6,5,1.6666666666666667,5130
584,7,0,1,6,5,1.5555555555555556,5139
585,7,0,1,6,5,1.4444444444444444,5148
586,7,0,1,6,5,1.3333333333333333,5157
587,7,0,1,6,5,1.6666666666666667,5166
588,7,0,1,6,5,1.5555555555555556,5174
589,6,0,1,5,5,1.3333333333333333,5182
590,6,0,1,5,5,1.6666666666666667,5190
591,6,0,1,5,5,1.5555555555555556,5199
592,6,0,1,5,5,1.4444444444444444,5208
593,6,0,1,5,5,1.3333333333333333,5217
594,6,0,1,5,5,1.6666666666666667,5226
595,6,0,1,5,5,1.5555555555555556,5235
596,6,0,1,5,5,1.4444444444444444,5244
597,6,0,1,5,5,1.3333333333333333,5253
598,6,0,1,5,5,1.6666666666666667,5262
599,6,0,1,5,5,1.5555555555555556,5271
600,6,0,1,5,5,1.4444444444444444,5280
601,6,0,1,5,5,1.3333333333333333,5289
602,6,0,1,5,5,1.6666666666666667,5298
603,6,0,1,5,5,1.5555555555555556,5307
604,6,0,1,5,6,1.4444444444444444,5316
605,6,0,1,5,6,1.3333333333333333,5325
606,6,0,1,5,6,1.6666666666666667,5334
607,6,0,1,5,6,1.5555555555555556,5343
608,6,0,1,5,6,1.4444444444444444,5352
609,6,0,1,5,6,1.3333333333333333,5361
610,6,0,1,5,6,1.6666666666666667,5370
611,6,0,1,5,6,1.5555555555555556,5379
612,6,0,1,5,6,1.4444444444444444,5388
613,6,0,1,5,6,1.3333333333333333,5397
614,6,0,1,5,6,1.6666666666666667,5406
615,6,0,1,5,6,1.5555555555555556,5415
616,6,0,1,5,6,1.4444444444444444,5424
617,6,0,1,5,6,1.3333333333333333,5433
618,6,0,1,5,6,1.6666666666666667,5442
619,6,0,1,5,6,1.5555555555555556,5451
620,6,0,1,5,6,1.4444444444444444,5460
621,6,0,1,5,6,1.3333333333333333,5469
622,6,0,1,5,6,1.6666666666666667,5478
623,6,0,1,5,6,1.5555555555555556,5487
624,6,0,1,5,6,1.4444444444444444,5496
625,6,0,1,5,6,1.3333333333333333,5505
626,6,0,0,6,6,1.6666666666666667,5514
627,6,0,0,6,6,1.5555555555555556,5523
628,6,0,0,6,6,1.4444444444444444,5532
629,6,0,0,6,6,1.3333333333333333,5541
630,12,5,1,6,6,1.6666666666666667,5550
631,12,5,1,6,6,1.5555555555555556,5559
632,12,5,1,6,6,1.4444444444444444,5568
633,11,4,1,6,6,1.2222222222222223,5577
634,11,4,1,6,6,2.0,5586
635,11,4,1,6,6,2.3333333333333335,5594
636,11,4,1,6,6,1.3333333333333333,5601
637,10,3,1,6,6,1.1111111111111112,5608
638,10,3,1,6,6,2.3333333333333335,5615
639,9,3,0,6,6,2.111111111111111,5623
640,9,3,0,6,6,1.5555555555555556,5631
641,9,3,0,6,6,1.4444444444444444,5640
642,9,3,0,6,6,2.2222222222222223,5649
643,9,3,0,6,6,1.6666666666666667,5658
644,9,3,0,6,6,1.1111111111111112,5667
645,9,3,0,6,6,1.0,5675
646,9,3,0,6,6,2.2222222222222223,5683
647,8,2,0,6,6,1.5555555555555556,5691
648,8,2,0,6,6,1.4444444444444444,5698
649,8,1,1,6,6,0.7777777777777778,5706
650,8,1,1,6,6,2.4444444444444446,5715
651,8,1,1,6,6,2.3333333333333335,5724
652,8,1,1,6,6,1.3333333333333333,5733
653,8,1,1,6,6,0.7777777777777778,5742
654,8,1,1,6,6,2.0,5751
655,7,1,0,6,6,1.7777777777777777,5759
656,8,1,1,6,6,2.111111111111111,5767
657,8,1,1,6,6,2.4444444444444446,5777
658,8,1,1,6,6,2.3333333333333335,5786
659,8,1,1,6,6,2.2222222222222223,5795
660,8,1,1,6,6,1.6666666666666667,5804
661,8,1,1,6,6,1.5555555555555556,5813
662,8,1,1,6,6,1.8888888888888888,5822
663,8,1,1,6,6,1.7777777777777777,5831
664,8,1,1,6,6,1.2222222222222223,5840
665,8,1,1,6,6,2.0,5847
666,7,1,1,5,6,1.7777777777777777,5854
667,7,1,1,5,6,1.6666666666666667,5862
668,7,1,1,5,6,1.1111111111111112,5871
669,7,1,1,5,6,1.4444444444444444,5880
670,7,1,1,5,6,1.7777777777777777,5889
671,7,1,1,5,6,1.6666666666666667,5898
672,8,1,1,6,6,1.1111111111111112,5907
673,8,1,1,6,6,1.4444444444444444,5917
674,8,1,1,6,6,1.7777777777777777,5926
675,8,1,1,6,6,1.6666666666666667,5935
676,8,1,1,6,6,1.1111111111111112,5944
677,8,1,1,6,6,1.4444444444444444,5953
678,8,1,1,6,6,1.7777777777777777,5961
679,8,1,1,6,6,1.6666666666666667,5969
680,8,1,1,6,6,1.5555555555555556,5977
681,7,1,0,6,6,1.3333333333333333,5985
682,7,1,0,6,6,1.6666666666666667,5993
683,7,1,0,6,6,1.5555555555555556,6002
684,7,1,0,6,6,1.4444444444444444,6011
685,7,1,0,6,6,1.3333333333333333,6020
686,7,1,0,6,6,1.6666666666666667,6029
687,7,1,0,6,6,1.5555555555555556,6038
688,7,1,0,6,6,1.4444444444444444,6047
689,7,1,0,6,6,1.3333333333333333,6056
690,7,0,1,6,6,1.6666666666666667,6065
691,7,0,1,6,6,1.5555555555555556,6074
692,7,0,1,6,6,1.4444444444444444,6083
693,7,0,1,6,6,1.3333333333333333,6092
694,7,0,1,6,7,1.6666666666666667,6101
695,7,0,1,6,7,1.5555555555555556,6110
696,7,0,1,6,7,1.4444444444444444,6119
697,7,0,1,6,7,1.3333333333333333,6128
698,7,0,1,6,7,1.6666666666666667,6136
699,7,0,1,6,7,1.5555555555555556,6144
700,6,0,1,5,7,1.3333333333333333,6152
701,6,0,1,5,7,1.6666666666666667,6160
702,6,0,1,5,7,1.5555555555555556,6169
703,6,0,1,5,7,1.4444444444444444,6178
704,6,0,1,5,7,1.3333333333333333,6187
705,6,0,1,5,7,1.6666666666666667,6196
706,6,0,1,5,7,1.5555555555555556,6205
707,6,0,1,5,7,1.4444444444444444,6214
708,6,0,1,5,7,1.3333333333333333,6223
709,6,0,1,5,7,1.6666666666666667,6232
710,6,0,1,5,7,1.5555555555555556,6241
711,6,0,1,5,7,1.4444444444444444,6250
712,6,0,1,5,7,1.3333333333333333,6259
713,6,0,1,5,7,1.6666666666666667,6268
714,6,0,1,5,7,1.5555555555555556,6277
715,6,0,1,5,8,1.4444444444444444,6286
716,6,0,1,5,8,1.3333333333333333,6296
717,6,0,1,5,8,1.6666666666666667,6306
718,6,0,1,5,8,1.5555555555555556,6315
719,6,0,1,5,8,1.4444444444444444,6325
720,11,4,2,5,8,1.2222222222222223,6335
721,11,4,2,5,8,1.5555555555555556,6344
722,11,4,2,5,8,1.8888888888888888,6354
723,11,4,2,5,8,1.3333333333333333,6363
724,11,4,2,5,8,1.2222222222222223,6372
725,11,4,2,5,8,1.5555555555555556,6381
726,11,4,2,5,8,1.8888888888888888,6391
727,11,4,2,5,8,1.3333333333333333,6401
728,11,4,2,5,8,1.2222222222222223,6411
729,11,4,2,5,8,1.5555555555555556,6421
730,11,4,2,5,8,1.8888888888888888,6430
731,11,4,2,5,8,1.3333333333333333,6439
732,11,4,2,5,8,1.2222222222222223,6448
733,11,4,2,5,8,1.5555555555555556,6456
734,10,4,1,5,8,1.7777777777777777,6464
735,10,4,1,5,8,1.2222222222222223,6472
736,10,4,1,5,8,1.5555555555555556,6481
737,10,4,1,5,8,1.4444444444444444,6490
738,10,4,1,5,8,2.2222222222222223,6498
739,9,3,1,5,8,1.1111111111111112,6506
740,9,3,1,5,8,1.4444444444444444,6514
741,9,3,1,5,8,1.3333333333333333,6522
742,9,3,1,5,8,2.111111111111111,6530
743,8,2,1,5,8,1.0,6538
744,8,2,1,5,8,1.7777777777777777,6546
745,8,2,1,5,8,2.111111111111111,6555
746,8,2,1,5,8,2.0,6564
747,8,2,1,5,8,1.0,6573
748,8,2,1,5,8,1.3333333333333333,6582
749,8,2,1,5,8,1.6666666666666667,6591
750,8,2,1,5,8,2.0,6600
751,8,2,1,5,8,1.0,6609
752,8,2,1,5,8,1.3333333333333333,6618
753,8,2,1,5,8,1.6666666666666667,6627
754,8,2,1,5,8,2.0,6636
755,8,2,1,5,8,1.0,6645
756,8,2,1,5,8,1.3333333333333333,6654
757,8,2,1,5,8,1.6666666666666667,6662
758,9,2,2,5,8,2.0,6670
759,8,1,2,5,8,0.8888888888888888,6679
760,8,1,2,5,8,1.6666666666666667,6688
761,8,1,2,5,8,2.0,6696
762,7,1,1,5,8,2.2222222222222223,6704
763,7,1,1,5,8,1.6666666666666667,6712
764,7,1,1,5,8,2.0,6721
765,7,1,1,5,8,1.4444444444444444,6730
766,7,1,1,5,8,1.7777777777777777,6739
767,7,1,1,5,8,1.2222222222222223,6748
768,7,1,1,5,8,1.5555555555555556,6757
769,7,1,1,5,8,1.4444444444444444,6766
770,7,1,0,6,8,1.7777777777777777,6775
771,7,1,0,6,8,1.2222222222222223,6784
772,7,1,0,6,8,1.5555555555555556,6793
773,7,1,0,6,8,1.4444444444444444,6802
774,7,1,0,6,8,1.7777777777777777,6811
775,7,1,0,6,8,1.2222222222222223,6820
776,7,1,0,6,8,1.5555555555555556,6829
777,7,1,0,6,8,1.4444444444444444,6838
778,7,1,0,6,8,1.7777777777777777,6847
779,7,1,0,6,8,1.2222222222222223,6856
780,8,0,1,7,8,1.5555555555555556,6865
781,8,0,1,7,8,1.4444444444444444,6875
782,8,0,1,7,8,1.7777777777777777,6884
783,8,0,1,7,8,1.2222222222222223,6893
784,8,0,1,7,8,1.5555555555555556,6902
785,8,0,1,7,8,1.4444444444444444,6911
786,8,0,1,7,8,1.7777777777777777,6920
787,8,0,1,7,8,1.2222222222222223,6929
788,8,0,1,7,8,1.5555555555555556,6938
789,8,0,1,7,8,1.4444444444444444,6947
790,8,0,1,7,8,1.7777777777777777,6956
791,8,0,1,7,8,1.2222222222222223,6966
792,8,0,1,7,8,1.5555555555555556,6976
793,8,0,1,7,8,1.4444444444444444,6986
794,8,0,1,7,8,1.7777777777777777,6996
795,8,0,1,7,8,1.2222222222222223,7006
796,8,0,1,7,8,1.5555555555555556,7016
797,8,0,1,7,8,1.4444444444444444,7026
798,8,0,1,7,8,1.7777777777777777,7036
799,8,0,1,7,8,1.2222222222222223,7045
800,8,0,1,7,8,1.5555555555555556,7054
801,8,0,1,7,8,1.4444444444444444,7063
802,8,0,1,7,8,1.7777777777777777,7073
803,8,0,1,7,8,1.2222222222222223,7083
804,8,0,1,7,8,1.5555555555555556,7093
805,8,0,1,7,8,1.4444444444444444,7103
806,8,0,1,7,8,1.7777777777777777,7112
807,8,0,1,7,8,1.2222222222222223,7121
808,8,0,1,7,8,1.5555555555555556,7130
809,8,0,1,7,8,1.4444444444444444,7139
810,15,6,2,7,8,1.7777777777777777,7148
811,15,6,2,7,8,1.6666666666666667,7156
812,14,5,2,7,8,1.4444444444444444,7164
813,14,5,2,7,8,1.7777777777777777,7172
814,14,5,2,7,8,1.6666666666666667,7181
815,14,5,2,7,8,1.5555555555555556,7190
816,14,5,2,7,8,1.4444444444444444,7199
817,15,5,3,7,8,1.3333333333333333,7209
818,15,5,3,7,8,1.6666666666666667,7220
819,15,5,3,7,8,1.5555555555555556,7230
820,15,5,3,7,8,1.4444444444444444,7240
821,15,5,3,7,8,1.3333333333333333,7249
822,15,5,3,7,8,1.6666666666666667,7258
823,15,5,3,7,8,1.5555555555555556,7267
824,15,5,3,7,8,1.4444444444444444,7276
825,15,5,3,7,8,1.3333333333333333,7285
826,15,5,3,7,8,2.111111111111111,7293
827,14,5,2,7,8,1.4444444444444444,7301
828,14,5,2,7,8,1.3333333333333333,7310
829,14,5,2,7,8,1.2222222222222223,7319
830,14,5,2,7,8,2.0,7328
831,13,5,2,6,8,1.3333333333333333,7336
832,12,4,2,6,8,1.5555555555555556,7344
833,12,4,2,6,8,1.4444444444444444,7353
834,12,4,2,6,8,2.6666666666666665,7362
835,12,4,2,6,8,1.6666666666666667,7371
836,12,4,2,6,8,2.0,7380
837,12,4,2,6,8,1.4444444444444444,7389
838,12,4,2,6,8,2.2222222222222223,7397
839,12,4,2,6,8,1.2222222222222223,7405
840,11,3,2,6,8,1.4444444444444444,7413
841,11,3,2,6,8,1.3333333333333333,7421
842,11,3,2,6,8,2.5555555555555554,7429
843,11,3,2,6,8,1.1111111111111112,7437
844,11,3,2,6,8,1.4444444444444444,7445
845,11,3,2,6,8,1.3333333333333333,7453
846,11,3,2,6,8,2.111111111111111,7462
847,11,3,2,6,8,1.1111111111111112,7471
848,11,3,2,6,8,1.4444444444444444,7480
849,11,3,2,6,8,1.3333333333333333,7489
850,11,3,2,6,8,2.111111111111111,7498
851,11,3,2,6,8,1.1111111111111112,7507
852,12,3,3,6,8,1.4444444444444444,7516
853,12,3,3,6,8,1.3333333333333333,7525
854,12,3,3,6,8,2.111111111111111,7533
855,12,3,3,6,8,1.5555555555555556,7541
856,11,3,2,6,8,1.3333333333333333,7549
857,11,3,2,6,8,1.6666666666666667,7556
858,11,3,2,6,8,2.0,7565
859,11,3,2,6,8,1.4444444444444444,7574
860,11,3,1,7,8,1.3333333333333333,7583
861,11,3,1,7,8,1.2222222222222223,7592
862,11,3,1,7,8,2.0,7600
863,10,2,1,7,8,1.3333333333333333,7609
864,10,2,1,7,8,1.6666666666666667,7618
865,10,2,1,7,8,1.1111111111111112,7628
866,10,2,1,7,9,1.8888888888888888,7638
867,10,2,1,7,9,1.3333333333333333,7648
868,10,2,1,7,9,1.6666666666666667,7658
869,10,2,1,7,9,1.1111111111111112,7668
870,10,0,3,7,9,1.8888888888888888,7678
871,10,0,3,7,9,1.3333333333333333,7688
872,10,0,3,7,9,1.6666666666666667,7699
873,11,0,3,8,9,1.1111111111111112,7709
874,11,0,3,8,9,1.8888888888888888,7720
875,11,0,3,8,9,1.3333333333333333,7730
876,11,0,3,8,9,1.6666666666666667,7740
877,11,0,3,8,9,1.1111111111111112,7751
878,11,0,3,8,9,1.8888888888888888,7761
879,11,0,3,8,9,1.3333333333333333,7771
880,11,0,3,8,9,1.6666666666666667,7781
881,11,0,3,8,9,1.1111111111111112,7791
882,11,0,3,8,9,1.8888888888888888,7801
883,11,0,3,8,9,1.3333333333333333,7811
884,11,0,3,8,9,1.6666666666666667,7821
885,11,0,3,8,9,1.1111111111111112,7831
886,11,0,3,8,9,1.8888888888888888,7840
887,11,0,3,8,9,1.3333333333333333,7850
888,11,0,3,8,9,1.6666666666666667,7860
889,11,0,3,8,9,1.1111111111111112,7870
890,11,0,2,9,9,1.8888888888888888,7880
891,11,0,2,9,9,1.3333333333333333,7889
892,11,0,2,9,9,1.6666666666666667,7898
893,11,0,2,9,9,1.1111111111111112,7908
894,11,0,2,9,9,1.8888888888888888,7919
895,11,0,2,9,9,1.3333333333333333,7930
896,11,0,2,9,9,2.111111111111111,7940
897,10,0,2,8,9,1.0,7950
898,10,0,2,8,9,1.7777777777777777,7960
899,10,0,2,8,9,1.2222222222222223,7971
900,17,6,3,8,9,2.0,7982
901,17,6,3,8,9,1.0,7993
902,17,6,3,8,9,1.7777777777777777,8004
903,16,5,3,8,9,1.1111111111111112,8012
904,16,5,3,8,9,2.3333333333333335,8020
905,15,4,3,8,9,1.6666666666666667,8028
906,15,4,3,8,9,2.0,8037
907,15,4,3,8,9,1.8888888888888888,8047
908,15,4,3,8,9,1.7777777777777777,8056
909,15,4,3,8,9,1.6666666666666667,8064
910,14,3,3,8,9,1.4444444444444444,8071
911,14,3,3,8,9,1.7777777777777777,8078
912,14,3,3,8,9,1.6666666666666667,8085
913,14,3,3,8,9,1.5555555555555556,8093
914,16,3,5,8,9,1.4444444444444444,8102
915,16,3,5,8,9,1.7777777777777777,8111
916,15,2,5,8,9,1.4444444444444444,8121
917,15,2,5,8,9,2.2222222222222223,8130
918,15,2,5,8,9,1.6666666666666667,8140
919,15,2,5,8,9,1.5555555555555556,8150
920,15,2,5,8,9,1.4444444444444444,8159
921,15,2,5,8,9,1.7777777777777777,8167
922,15,2,5,8,9,1.2222222222222223,8175
923,15,2,5,8,9,1.5555555555555556,8182
924,14,2,4,8,9,1.7777777777777777,8189
925,13,1,4,8,9,2.0,8196
926,13,1,4,8,9,1.4444444444444444,8203
927,13,1,4,8,9,1.3333333333333333,8211
928,13,1,4,8,9,1.6666666666666667,8219
929,13,1,4,8,9,2.0,8227
930,14,1,5,8,9,1.0,8235
931,14,1,5,8,9,1.3333333333333333,8244
932,14,1,5,8,9,1.6666666666666667,8252
933,14,1,5,8,10,2.0,8260
934,15,1,5,9,10,1.0,8269
935,15,1,5,9,10,1.3333333333333333,8279
936,15,1,5,9,10,1.6666666666666667,8287
937,14,1,4,9,10,1.8888888888888888,8295
938,14,1,4,9,10,1.3333333333333333,8303
939,14,1,4,9,10,1.2222222222222223,8312
940,14,1,4,9,10,1.5555555555555556,8321
941,14,1,4,9,10,1.8888888888888888,8329
942,15,1,4,10,10,1.3333333333333333,8337
943,15,1,4,10,10,1.6666666666666667,8347
944,14,1,4,9,10,1.4444444444444444,8357
945,14,1,4,9,10,1.7777777777777777,8366
946,14,1,4,9,10,1.2222222222222223,8376
947,14,1,4,9,10,1.5555555555555556,8385
948,14,1,4,9,10,1.4444444444444444,8394
949,14,1,4,9,10,1.7777777777777777,8402
950,13,1,2,10,10,1.1111111111111112,8410
951,13,1,2,10,10,1.8888888888888888,8418
952,13,1,2,10,10,1.3333333333333333,8426
953,13,1,2,10,10,2.111111111111111,8433
954,12,1,1,10,10,1.0,8440
955,12,1,1,10,10,2.2222222222222223,8448
956,12,1,1,10,10,1.2222222222222223,8457
957,12,1,1,10,10,2.0,8466
958,12,1,1,10,11,1.0,8475
959,12,1,1,10,11,1.7777777777777777,8484
960,12,0,2,10,11,1.2222222222222223,8493
961,12,0,2,10,11,2.0,8502
962,12,0,2,10,11,1.0,8511
963,12,0,2,10,11,1.7777777777777777,8520
964,12,0,2,10,11,1.2222222222222223,8529
965,12,0,2,10,12,2.0,8538
966,12,0,2,10,12,1.0,8547
967,12,0,2,10,12,1.7777777777777777,8556
968,12,0,2,10,12,1.2222222222222223,8565
969,12,0,2,10,12,2.0,8574
970,12,0,2,10,12,1.0,8583
971,13,0,2,11,12,1.7777777777777777,8592
972,13,0,2,11,12,1.2222222222222223,8602
973,13,0,2,11,12,2.0,8612
974,13,0,2,11,12,1.0,8622
975,13,0,2,11,12,1.7777777777777777,8632
976,13,0,2,11,12,1.2222222222222223,8641
977,13,0,2,11,12,2.0,8650
978,13,0,2,11,12,1.0,8659
979,13,0,2,11,12,1.7777777777777777,8668
980,13,0,1,12,12,1.2222222222222223,8676
981,13,0,1,12,12,2.0,8684
982,13,0,1,12,12,1.4444444444444444,8692
983,12,0,1,11,12,1.6666666666666667,8700
984,12,0,1,11,12,1.1111111111111112,8708
985,12,0,1,11,12,1.8888888888888888,8716
986,12,0,1,11,12,1.3333333333333333,8724
987,12,0,1,11,12,1.6666666666666667,8733
988,12,0,1,11,12,1.1111111111111112,8742
989,12,0,1,11,12,1.8888888888888888,8751
990,19,6,2,11,12,1.3333333333333333,8760
991,19,6,2,11,12,1.6666666666666667,8769
992,18,5,2,11,12,1.0,8779
993,18,5,2,11,12,1.7777777777777777,8787
994,18,5,2,11,12,1.6666666666666667,8797
995,18,5,2,11,12,1.5555555555555556,8807
996,18,5,2,11,12,1.0,8817
997,18,5,2,11,13,1.7777777777777777,8826
998,17,4,2,11,13,1.5555555555555556,8835
999,17,4,2,11,13,1.8888888888888888,8843
1000,17,4,2,11,13,1.7777777777777777,8850
1001,17,4,2,11,13,2.111111111111111,8857
1002,16,3,2,11,13,1.8888888888888888,8863
1003,16,3,2,11,13,2.2222222222222223,8870
1004,15,3,2,10,13,1.5555555555555556,8878
1005,15,3,2,10,13,1.4444444444444444,8886
1006,15,3,2,10,13,1.7777777777777777,8895
1007,15,3,2,10,13,1.6666666666666667,8904
1008,15,3,2,10,13,1.1111111111111112,8913
1009,16,3,3,10,13,1.4444444444444444,8922
1010,16,3,3,10,13,1.7777777777777777,8932
1011,15,3,2,10,13,2.0,8941
1012,15,3,2,10,13,2.3333333333333335,8949
1013,15,3,2,10,13,2.6666666666666665,8958
1014,15,3,2,10,13,3.0,8967
1015,15,3,2,10,13,2.888888888888889,8976
1016,15,3,2,10,13,2.3333333333333335,8985
1017,15,3,2,10,13,1.7777777777777777,8994
1018,15,3,2,10,13,2.111111111111111,9003
1019,15,3,2,10,13,2.0,9012
1020,15,3,2,10,13,1.8888888888888888,9021
1021,15,3,2,10,13,1.3333333333333333,9030
1022,15,3,2,10,13,1.6666666666666667,9039
1023,15,3,2,10,13,1.5555555555555556,9048
1024,15,3,2,10,13,1.4444444444444444,9057
1025,15,3,2,10,13,1.3333333333333333,9066
1026,15,3,2,10,13,1.6666666666666667,9075
1027,15,3,2,10,13,1.5555555555555556,9084
1028,15,3,2,10,13,1.4444444444444444,9093
1029,15,3,2,10,14,1.3333333333333333,9102
1030,15,3,2,10,14,1.6666666666666667,9111
1031,15,3,2,10,14,1.5555555555555556,9120
1032,15,3,2,10,14,1.4444444444444444,9129
1033,15,3,2,10,14,1.3333333333333333,9138
1034,15,3,2,10,14,1.6666666666666667,9147
1035,15,3,2,10,14,1.5555555555555556,9156
1036,15,3,2,10,14,1.4444444444444444,9165
1037,15,3,2,10,14,1.3333333333333333,9174
1038,15,3,2,10,14,1.6666666666666667,9182
1039,15,3,2,10,14,1.5555555555555556,9190
1040,15,3,1,11,14,1.4444444444444444,9198
1041,15,3,1,11,14,1.3333333333333333,9207
1042,15,3,1,11,14,1.6666666666666667,9216
1043,15,3,1,11,14,1.5555555555555556,9224
1044,14,3,1,10,14,1.3333333333333333,9232
1045,14,3,1,10,14,1.6666666666666667,9240
1046,14,3,1,10,14,1.5555555555555556,9249
1047,14,3,1,10,14,1.4444444444444444,9258
1048,14,3,1,10,14,1.3333333333333333,9267
1049,14,3,1,10,14,1.6666666666666667,9276
1050,14,0,4,10,14,1.5555555555555556,9285
1051,14,0,4,10,14,1.4444444444444444,9294
1052,14,0,4,10,14,1.3333333333333333,9303
1053,14,0,4,10,14,1.6666666666666667,9312
1054,14,0,4,10,14,1.5555555555555556,9321
1055,14,0,4,10,14,1.4444444444444444,9330
1056,14,0,4,10,14,1.3333333333333333,9339
1057,14,0,4,10,14,1.6666666666666667,9348
1058,14,0,4,10,14,1.5555555555555556,9358
1059,14,0,4,10,14,1.4444444444444444,9367
1060,14,0,4,10,14,1.3333333333333333,9376
1061,14,0,4,10,14,1.6666666666666667,9386
1062,14,0,4,10,14,1.5555555555555556,9396
1063,14,0,4,10,14,1.4444444444444444,9406
1064,14,0,4,10,14,1.3333333333333333,9416
1065,14,0,4,10,14,1.6666666666666667,9426
1066,14,0,4,10,14,1.5555555555555556,9435
1067,14,0,4,10,14,1.4444444444444444,9445
1068,14,0,4,10,14,1.3333333333333333,9455
1069,14,0,4,10,14,1.6666666666666667,9465
1070,14,0,3,11,14,1.5555555555555556,9475
1071,14,0,3,11,14,1.4444444444444444,9485
1072,14,0,3,11,14,1.3333333333333333,9495
1073,14,0,3,11,14,1.6666666666666667,9505
1074,14,0,3,11,14,1.5555555555555556,9515
1075,14,0,3,11,15,1.4444444444444444,9525
1076,14,0,3,11,15,1.3333333333333333,9535
1077,14,0,3,11,15,1.6666666666666667,9545
1078,14,0,3,11,15,1.5555555555555556,9554
1079,14,0,3,11,15,1.4444444444444444,9563
1080,22,7,4,11,15,1.3333333333333333,9572
1081,22,7,4,11,15,1.6666666666666667,9580
1082,22,7,4,11,15,1.5555555555555556,9587
1083,21,6,4,11,15,1.3333333333333333,9594
1084,20,6,4,10,15,1.5555555555555556,9602
1085,20,6,4,10,15,2.7777777777777777,9610
1086,20,6,4,10,15,1.3333333333333333,9619
1087,20,6,4,10,15,1.2222222222222223,9627
1088,20,6,4,10,15,1.1111111111111112,9636
1089,20,6,4,10,15,2.3333333333333335,9645
1090,20,6,4,10,15,1.3333333333333333,9652
1091,20,6,4,10,15,1.2222222222222223,9659
1092,20,6,4,10,15,1.5555555555555556,9666
1093,19,6,3,10,15,2.2222222222222223,9673
1094,20,6,4,10,15,1.2222222222222223,9681
1095,20,6,4,10,15,1.1111111111111112,9691
1096,20,6,4,10,15,1.4444444444444444,9700
1097,20,6,4,10,15,2.2222222222222223,9708
1098,20,6,4,10,15,1.2222222222222223,9715
1099,18,5,4,9,15,0.8888888888888888,9722
1100,18,5,4,9,15,2.111111111111111,9728
1101,17,5,3,9,15,1.8888888888888888,9735
1102,17,5,3,9,15,1.3333333333333333,9743
1103,17,5,3,9,15,2.111111111111111,9750
1104,16,4,3,9,15,1.8888888888888888,9757
1105,15,3,3,9,15,2.111111111111111,9764
1106,15,3,3,9,15,1.1111111111111112,9772
1107,15,3,3,9,15,2.3333333333333335,9781
1108,15,3,3,9,15,1.7777777777777777,9790
1109,15,3,3,9,15,1.6666666666666667,9799
1110,15,3,3,9,15,0.6666666666666666,9808
1111,15,3,3,9,15,1.8888888888888888,9817
1112,15,3,3,9,15,1.7777777777777777,9826
1113,16,3,4,9,15,1.6666666666666667,9835
1114,16,3,4,9,17,0.6666666666666666,9845
1115,15,3,3,9,17,1.7777777777777777,9853
1116,16,3,4,9,17,2.111111111111111,9861
1117,16,3,4,9,17,1.5555555555555556,9871
1118,17,3,4,10,17,0.5555555555555556,9881
1119,17,3,4,10,17,1.7777777777777777,9891
1120,17,3,4,10,17,2.111111111111111,9902
1121,17,3,4,10,17,1.5555555555555556,9913
1122,17,3,4,10,17,0.5555555555555556,9924
1123,17,3,4,10,17,1.7777777777777777,9934
1124,17,3,4,10,17,2.111111111111111,9943
1125,17,3,4,10,17,1.5555555555555556,9952
1126,17,3,4,10,17,0.5555555555555556,9962
1127,17,3,4,10,17,1.7777777777777777,9973
1128,17,3,4,10,17,2.111111111111111,9983
1129,16,2,4,10,17,1.4444444444444444,9993
1130,16,2,1,13,17,0.8888888888888888,10002
1131,16,2,1,13,17,1.6666666666666667,10011
1132,16,2,1,13,17,2.0,10020
1133,16,2,1,13,17,1.4444444444444444,10030
1134,16,2,1,13,17,0.8888888888888888,10039
1135,16,2,1,13,17,1.6666666666666667,10049
1136,16,2,1,13,17,2.0,10059
1137,16,2,1,13,17,1.4444444444444444,10068
1138,16,2,1,13,17,0.8888888888888888,10078
1139,16,2,1,13,17,1.6666666666666667,10088
1140,16,0,3,13,17,2.0,10098
1141,16,0,3,13,17,1.4444444444444444,10106
1142,16,0,3,13,17,0.8888888888888888,10114
1143,16,0,3,13,17,2.111111111111111,10122
1144,15,0,2,13,17,1.8888888888888888,10131
1145,15,0,2,13,17,1.7777777777777777,10140
1146,15,0,2,13,17,0.7777777777777778,10149
1147,15,0,2,13,17,2.0,10158
1148,15,0,2,13,17,1.8888888888888888,10167
1149,15,0,2,13,17,1.3333333333333333,10176
1150,15,0,2,13,17,0.7777777777777778,10185
1151,15,0,2,13,17,2.0,10194
1152,15,0,2,13,17,1.8888888888888888,10203
1153,15,0,2,13,17,1.3333333333333333,10212
1154,15,0,2,13,17,0.7777777777777778,10221
1155,15,0,2,13,17,2.0,10230
1156,15,0,2,13,17,1.8888888888888888,10239
1157,15,0,2,13,17,1.3333333333333333,10248
1158,15,0,2,13,17,0.7777777777777778,10257
1159,15,0,2,13,17,2.0,10265
1160,15,0,2,13,17,1.8888888888888888,10273
1161,15,0,2,13,17,1.2222222222222223,10281
1162,15,0,2,13,17,0.6666666666666666,10290
1163,15,0,2,13,17,2.3333333333333335,10298
1164,15,0,2,13,17,1.7777777777777777,10305
1165,15,0,2,13,17,1.2222222222222223,10313
1166,15,0,2,13,17,0.6666666666666666,10321
1167,15,0,2,13,17,2.3333333333333335,10330
1168,15,0,2,13,17,1.7777777777777777,10339
1169,15,0,2,13,17,1.2222222222222223,10348
1170,23,7,3,13,17,1.1111111111111112,10357
1171,22,6,3,13,17,2.2222222222222223,10364
1172,21,5,3,13,17,1.5555555555555556,10371
1173,21,5,3,13,17,1.8888888888888888,10377
1174,19,4,3,12,17,1.1111111111111112,10384
1175,19,4,3,12,17,2.3333333333333335,10391
1176,19,4,3,12,17,1.7777777777777777,10400
1177,19,4,3,12,18,1.6666666666666667,10409
1178,19,4,3,12,18,0.6666666666666666,10418
1179,19,4,3,12,18,1.8888888888888888,10427
1180,19,4,3,12,18,1.7777777777777777,10436
1181,19,4,3,12,18,1.6666666666666667,10445
1182,21,4,5,12,18,0.6666666666666666,10454
1183,21,4,5,12,18,1.8888888888888888,10465
1184,21,4,5,12,18,1.7777777777777777,10474
1185,21,4,5,12,18,1.6666666666666667,10484
1186,21,4,5,12,18,0.6666666666666666,10495
1187,21,4,5,12,18,1.8888888888888888,10506
1188,21,4,5,12,18,1.7777777777777777,10515
1189,21,4,5,12,19,1.6666666666666667,10525
1190,21,4,5,12,19,0.6666666666666666,10534
1191,21,4,5,12,19,1.8888888888888888,10543
1192,21,4,5,12,19,1.7777777777777777,10552
1193,21,4,5,12,19,1.6666666666666667,10561
1194,21,4,5,12,19,0.6666666666666666,10570
1195,21,4,5,12,19,1.8888888888888888,10579
1196,21,4,5,12,19,1.7777777777777777,10588
1197,21,4,5,12,19,1.6666666666666667,10597
1198,21,4,5,12,19,0.6666666666666666,10606
1199,21,4,5,12,19,1.8888888888888888,10615
1200,21,4,5,12,19,1.7777777777777777,10624
1201,21,4,5,12,19,1.6666666666666667,10633
1202,21,4,5,12,19,0.6666666666666666,10642
1203,21,4,5,12,19,1.8888888888888888,10651
1204,21,4,5,12,19,1.7777777777777777,10660
1205,21,4,5,12,19,1.6666666666666667,10669
1206,21,4,5,12,19,0.6666666666666666,10678
1207,21,4,5,12,19,1.8888888888888888,10687
1208,21,4,5,12,19,1.7777777777777777,10696
1209,21,4,5,12,19,1.6666666666666667,10705
1210,19,3,4,12,19,0.4444444444444444,10714
1211,19,3,4,12,19,2.111111111111111,10723
1212,19,3,4,12,19,2.4444444444444446,10733
1213,19,3,4,12,19,1.4444444444444444,10743
1214,19,3,4,12,19,0.4444444444444444,10753
1215,19,3,4,12,19,2.111111111111111,10762
1216,19,3,4,12,19,2.0,10772
1217,19,3,4,12,19,1.4444444444444444,10781
1218,19,3,4,12,19,0.4444444444444444,10790
1219,19,3,4,12,19,2.111111111111111,10799
1220,19,3,2,14,19,2.0,10806
1221,18,2,2,14,19,1.3333333333333333,10813
1222,18,2,2,14,19,0.7777777777777778,10820
1223,18,2,2,14,19,2.0,10828
1224,17,2,1,14,19,1.7777777777777777,10836
1225,17,2,1,14,19,1.6666666666666667,10844
1226,17,2,1,14,19,1.1111111111111112,10853
1227,17,2,1,14,19,1.8888888888888888,10862
1228,18,2,1,15,19,1.7777777777777777,10871
1229,18,2,1,15,19,1.2222222222222223,10881
1230,18,0,3,15,19,1.1111111111111112,10889
1231,18,0,3,15,19,1.8888888888888888,10897
1232,18,0,3,15,19,1.7777777777777777,10906
1233,18,0,3,15,19,1.2222222222222223,10915
1234,18,0,3,15,19,1.1111111111111112,10924
1235,18,0,3,15,19,1.8888888888888888,10933
1236,18,0,3,15,19,1.7777777777777777,10942
1237,18,0,3,15,19,1.2222222222222223,10951
1238,18,0,3,15,19,1.1111111111111112,10960
1239,18,0,3,15,19,1.8888888888888888,10969
1240,18,0,3,15,19,1.7777777777777777,10978
1241,18,0,3,15,19,1.2222222222222223,10987
1242,18,0,3,15,19,1.1111111111111112,10996
1243,18,0,3,15,19,1.8888888888888888,11005
1244,18,0,3,15,19,1.7777777777777777,11014
1245,18,0,3,15,19,1.2222222222222223,11023
1246,18,0,3,15,19,1.5555555555555556,11031
1247,17,0,3,14,19,1.7777777777777777,11039
1248,17,0,3,14,19,1.6666666666666667,11047
1249,17,0,3,14,19,1.1111111111111112,11056
1250,17,0,2,15,19,1.4444444444444444,11065
1251,17,0,2,15,19,1.7777777777777777,11074
1252,17,0,2,15,19,1.6666666666666667,11083
1253,17,0,2,15,19,1.1111111111111112,11092
1254,17,0,2,15,19,1.4444444444444444,11101
1255,17,0,2,15,19,1.7777777777777777,11110
1256,17,0,2,15,19,1.6666666666666667,11119
1257,17,0,2,15,19,1.1111111111111112,11128
1258,17,0,2,15,19,1.4444444444444444,11137
1259,17,0,2,15,19,1.7777777777777777,11146
1260,26,8,3,15,19,1.6666666666666667,11155
1261,26,8,3,15,19,1.1111111111111112,11162
1262,25,7,3,15,19,1.3333333333333333,11169
1263,25,7,3,15,19,1.6666666666666667,11176
1264,25,7,3,15,19,2.0,11184
1265,25,7,3,15,19,1.0,11192
1266,24,6,3,15,19,1.2222222222222223,11200
1267,24,6,3,15,19,2.0,11208
1268,24,6,3,15,19,2.3333333333333335,11217
1269,24,6,3,15,19,0.8888888888888888,11226
1270,24,6,3,15,19,1.2222222222222223,11235
1271,24,6,3,15,19,2.0,11244
1272,24,6,3,15,19,1.8888888888888888,11253
1273,24,6,3,15,19,0.8888888888888888,11262
1274,25,6,4,15,19,1.2222222222222223,11270
1275,25,6,4,15,20,2.0,11278
1276,23,4,4,15,20,1.6666666666666667,11285
1277,23,4,4,15,20,1.1111111111111112,11292
1278,23,4,4,15,20,1.8888888888888888,11301
1279,23,4,4,15,20,1.7777777777777777,11310
1280,23,4,4,15,20,1.6666666666666667,11319
1281,23,4,4,15,20,1.1111111111111112,11328
1282,23,4,4,15,20,1.4444444444444444,11337
1283,23,4,4,15,20,1.7777777777777777,11345
1284,22,4,3,15,20,1.5555555555555556,11352
1285,22,4,3,15,20,1.8888888888888888,11359
1286,22,3,4,15,20,3.0,11368
1287,22,3,4,15,20,2.4444444444444446,11380
1288,22,3,4,15,20,2.3333333333333335,11391
1289,22,3,4,15,20,1.7777777777777777,11402
1290,21,2,4,15,20,1.5555555555555556,11412
1291,21,2,4,15,20,1.8888888888888888,11422
1292,21,2,4,15,20,1.7777777777777777,11431
1293,21,2,4,15,20,1.2222222222222223,11440
1294,21,2,4,15,20,1.1111111111111112,11449
1295,21,2,4,15,20,1.8888888888888888,11458
1296,21,2,4,15,20,1.7777777777777777,11467
1297,21,2,4,15,20,1.2222222222222223,11476
1298,21,2,4,15,20,1.1111111111111112,11485
1299,21,2,4,15,20,1.8888888888888888,11494
1300,22,2,5,15,20,1.7777777777777777,11503
1301,22,2,5,15,20,1.6666666666666667,11512
1302,22,2,5,15,20,1.0,11520
1303,22,2,5,15,20,1.7777777777777777,11529
1304,22,2,5,15,20,1.6666666666666667,11538
1305,22,2,5,15,20,1.5555555555555556,11547
1306,22,2,5,15,20,1.0,11556
1307,22,2,5,15,20,2.2222222222222223,11563
1308,21,2,5,14,20,1.5555555555555556,11570
1309,20,2,4,14,20,1.3333333333333333,11577
1310,20,2,2,16,20,1.2222222222222223,11584
1311,20,2,2,16,20,2.0,11592
1312,20,2,2,16,20,1.4444444444444444,11600
1313,19,2,1,16,20,1.2222222222222223,11608
1314,19,2,1,16,20,1.5555555555555556,11616
1315,19,2,1,16,20,1.8888888888888888,11625
1316,19,2,1,16,21,1.3333333333333333,11634
1317,19,2,1,16,21,1.2222222222222223,11643
1318,19,2,1,16,21,1.5555555555555556,11652
1319,19,2,1,16,21,1.8888888888888888,11661
1320,19,0,3,16,21,1.3333333333333333,11670
1321,19,0,3,16,21,1.2222222222222223,11679
1322,19,0,3,16,22,1.5555555555555556,11688
1323,19,0,3,16,22,1.8888888888888888,11697
1324,19,0,3,16,22,1.3333333333333333,11706
1325,19,0,3,16,22,1.2222222222222223,11715
1326,19,0,3,16,22,1.5555555555555556,11724
1327,19,0,3,16,22,1.8888888888888888,11733
1328,19,0,3,16,22,1.3333333333333333,11742
1329,19,0,3,16,22,1.2222222222222223,11751
1330,19,0,3,16,22,1.5555555555555556,11760
1331,19,0,3,16,22,1.8888888888888888,11769
1332,19,0,3,16,22,1.3333333333333333,11778
1333,19,0,3,16,22,1.2222222222222223,11787
1334,19,0,3,16,22,1.5555555555555556,11796
1335,19,0,3,16,22,1.8888888888888888,11805
1336,19,0,3,16,22,1.3333333333333333,11813
1337,18,0,3,15,22,1.1111111111111112,11821
1338,18,0,3,15,22,1.8888888888888888,11829
1339,18,0,3,15,22,1.7777777777777777,11838
1340,18,0,2,16,22,1.2222222222222223,11848
1341,18,0,2,16,22,1.1111111111111112,11859
1342,18,0,2,16,22,1.8888888888888888,11870
1343,18,0,2,16,22,1.7777777777777777,11880
1344,18,0,2,16,22,1.2222222222222223,11889
1345,18,0,2,16,22,1.1111111111111112,11898
1346,18,0,2,16,22,1.8888888888888888,11907
1347,18,0,2,16,22,1.7777777777777777,11916
1348,18,0,2,16,22,1.2222222222222223,11925
1349,18,0,2,16,22,1.1111111111111112,11934
1350,27,8,3,16,22,1.8888888888888888,11943
1351,27,8,3,16,22,1.7777777777777777,11952
1352,27,8,3,16,23,1.6666666666666667,11960
1353,26,8,3,15,23,1.0,11969
1354,26,8,3,15,23,1.7777777777777777,11977
1355,26,8,3,15,23,1.6666666666666667,11984
1356,26,8,3,15,23,1.5555555555555556,11991
1357,26,8,3,15,23,1.0,11999
1358,26,8,3,15,23,1.7777777777777777,12008
1359,26,8,3,15,23,1.6666666666666667,12016
1360,25,7,3,15,23,1.4444444444444444,12023
1361,25,7,3,15,23,0.8888888888888888,12030
1362,25,7,3,15,23,2.111111111111111,12039
1363,25,7,3,15,23,1.5555555555555556,12048
1364,25,7,3,15,23,1.4444444444444444,12056
1365,24,6,3,15,23,1.2222222222222223,12063
1366,24,6,3,15,23,3.3333333333333335,12071
1367,24,6,3,15,24,2.7777777777777777,12080
1368,24,6,3,15,24,1.7777777777777777,12089
1369,24,6,3,15,24,1.2222222222222223,12098
1370,24,6,3,15,24,2.0,12107
1371,24,6,3,15,24,1.8888888888888888,12115
1372,24,6,3,15,24,1.3333333333333333,12123
1373,25,6,4,15,24,1.2222222222222223,12131
1374,24,5,4,15,24,2.3333333333333335,12139
1375,23,4,4,15,24,2.111111111111111,12146
1376,23,4,4,15,24,1.1111111111111112,12153
1377,23,4,4,15,24,1.0,12161
1378,23,4,4,15,24,2.2222222222222223,12169
1379,22,4,3,15,24,1.5555555555555556,12177
1380,22,4,3,15,24,1.4444444444444444,12185
1381,22,4,3,15,24,0.8888888888888888,12194
1382,23,4,4,15,24,2.111111111111111,12203
1383,23,4,4,15,24,2.0,12212
1384,22,4,4,14,24,1.3333333333333333,12220
1385,22,4,4,14,24,0.7777777777777778,12228
1386,22,4,4,14,24,2.0,12236
1387,22,4,4,14,24,1.8888888888888888,12244
1388,22,4,4,14,24,1.3333333333333333,12253
1389,22,4,4,14,24,0.7777777777777778,12262
1390,22,4,4,14,24,2.0,12270
1391,21,4,3,14,24,1.7777777777777777,12278
1392,21,4,3,14,24,1.6666666666666667,12286
1393,21,4,3,14,24,1.5555555555555556,12295
1394,21,4,3,14,24,1.8888888888888888,12304
1395,21,4,3,14,24,1.7777777777777777,12313
1396,21,4,3,14,24,1.2222222222222223,12322
1397,21,4,3,14,24,1.1111111111111112,12331
1398,21,4,3,14,24,1.8888888888888888,12340
1399,21,4,3,14,24,1.7777777777777777,12349
1400,21,4,1,16,25,1.2222222222222223,12358
1401,21,4,1,16,25,1.1111111111111112,12367
1402,21,4,1,16,25,1.8888888888888888,12376
1403,21,4,1,16,25,1.7777777777777777,12385
1404,21,4,1,16,25,1.2222222222222223,12394
1405,21,4,1,16,25,1.1111111111111112,12403
1406,21,4,1,16,25,1.8888888888888888,12412
1407,21,4,1,16,25,1.7777777777777777,12421
1408,22,4,1,17,25,1.2222222222222223,12430
1409,22,4,1,17,25,1.1111111111111112,12440
1410,22,0,5,17,25,1.8888888888888888,12449
1411,22,0,5,17,25,1.7777777777777777,12458
1412,22,0,5,17,25,1.2222222222222223,12467
1413,22,0,5,17,25,1.1111111111111112,12476
1414,22,0,5,17,25,1.8888888888888888,12485
1415,22,0,5,17,25,1.7777777777777777,12494
1416,22,0,5,17,25,1.2222222222222223,12503
1417,22,0,5,17,25,1.1111111111111112,12512
1418,22,0,5,17,25,1.8888888888888888,12521
1419,22,0,5,17,25,1.7777777777777777,12530
1420,22,0,5,17,25,1.2222222222222223,12539
1421,22,0,5,17,25,1.1111111111111112,12548
1422,22,0,5,17,25,1.8888888888888888,12556
1423,22,0,5,17,25,1.7777777777777777,12564
1424,21,0,5,16,25,1.1111111111111112,12572
1425,21,0,5,16,25,1.0,12580
1426,21,0,5,16,25,2.2222222222222223,12589
1427,21,0,5,16,25,1.6666666666666667,12598
1428,21,0,5,16,25,1.1111111111111112,12607
1429,21,0,5,16,25,1.0,12616
1430,21,0,4,17,25,2.2222222222222223,12625
1431,21,0,4,17,25,1.6666666666666667,12634
1432,21,0,4,17,25,1.1111111111111112,12643
1433,21,0,4,17,25,1.0,12652
1434,21,0,4,17,25,2.2222222222222223,12661
1435,21,0,4,17,25,1.6666666666666667,12670
1436,21,0,4,17,25,1.1111111111111112,12679
1437,21,0,4,17,25,1.0,12688
1438,21,0,4,17,25,2.2222222222222223,12697
1439,21,0,4,17,25,1.6666666666666667,12706
1440,31,9,5,17,26,1.1111111111111112,12715
1441,30,8,5,17,26,0.8888888888888888,12723
1442,30,8,5,17,26,2.5555555555555554,12731
1443,30,8,5,17,26,1.5555555555555556,12739
1444,30,8,5,17,26,1.0,12747
1445,30,8,5,17,26,1.3333333333333333,12755
1446,29,7,5,17,26,2.4444444444444446,12763
1447,29,7,5,17,26,1.8888888888888888,12770
1448,29,7,5,17,26,0.8888888888888888,12778
1449,29,7,5,17,26,1.6666666666666667,12786
1450,29,6,6,17,26,2.3333333333333335,12794
1451,29,6,6,17,26,1.7777777777777777,12803
1452,29,6,6,17,26,0.7777777777777778,12812
1453,29,6,6,17,26,1.5555555555555556,12821
1454,29,6,6,17,26,2.3333333333333335,12830
1455,29,6,6,17,26,1.3333333333333333,12838
1456,28,6,5,17,26,0.6666666666666666,12846
1457,28,6,5,17,26,1.8888888888888888,12854
1458,28,6,5,17,26,2.6666666666666665,12863
1459,29,6,6,17,26,1.2222222222222223,12872
1460,29,6,6,17,26,0.6666666666666666,12881
1461,29,6,6,17,26,1.8888888888888888,12888
1462,29,6,6,17,26,2.2222222222222223,12895
1463,28,6,5,17,26,1.1111111111111112,12902
1464,28,6,5,17,26,1.0,12910
1465,28,6,5,17,26,2.2222222222222223,12919
1466,28,6,5,17,26,2.5555555555555554,12927
1467,28,6,5,17,26,1.5555555555555556,12935
1468,27,5,5,17,26,0.8888888888888888,12943
1469,27,5,5,17,26,2.111111111111111,12951
1470,27,5,5,17,26,2.4444444444444446,12959
1471,27,5,5,17,26,1.0,12967
1472,27,5,5,17,26,0.8888888888888888,12975
1473,27,5,5,17,26,2.111111111111111,12983
1474,28,5,5,18,26,2.0,12991
1475,28,5,5,18,26,1.0,13000
1476,28,5,5,18,26,0.8888888888888888,13007
1477,28,5,5,18,26,2.111111111111111,13015
1478,27,4,5,18,26,1.8888888888888888,13023
1479,28,4,6,18,26,0.8888888888888888,13031
1480,28,4,6,18,26,1.2222222222222223,13040
1481,27,3,6,18,26,1.8888888888888888,13048
1482,27,3,6,18,26,2.2222222222222223,13056
1483,27,3,6,18,26,1.6666666666666667,13064
1484,27,3,6,18,26,1.1111111111111112,13072
1485,27,3,6,18,26,1.8888888888888888,13080
1486,27,3,6,18,26,1.7777777777777777,13087
1487,26,2,6,18,26,1.1111111111111112,13093
1488,26,2,6,18,26,1.4444444444444444,13100
1489,25,2,5,18,26,1.6666666666666667,13108
1490,25,2,1,22,26,2.0,13116
1491,25,2,1,22,26,1.8888888888888888,13125
1492,26,2,2,22,26,1.3333333333333333,13134
1493,26,2,2,22,26,1.6666666666666667,13144
1494,26,2,2,22,26,1.5555555555555556,13153
1495,26,2,2,22,26,1.8888888888888888,13161
1496,25,1,2,22,26,1.2222222222222223,13169
1497,25,1,2,22,26,2.0,13177
1498,25,1,2,22,26,1.4444444444444444,13186
1499,25,1,2,22,26,1.7777777777777777,13195
1500,25,0,3,22,26,1.2222222222222223,13204
1501,25,0,3,22,26,1.5555555555555556,13213
1502,25,0,3,22,26,1.4444444444444444,13222
1503,25,0,3,22,26,1.7777777777777777,13231
1504,25,0,3,22,26,1.2222222222222223,13239
1505,25,0,3,22,26,1.5555555555555556,13247
1506,26,0,3,23,26,1.4444444444444444,13256
1507,26,0,3,23,26,1.7777777777777777,13265
1508,27,0,4,23,26,1.2222222222222223,13274
1509,27,0,4,23,26,2.0,13284
1510,26,0,4,22,26,1.3333333333333333,13295
1511,26,0,4,22,26,1.6666666666666667,13303
1512,26,0,4,22,26,1.1111111111111112,13311
1513,25,0,3,22,26,1.7777777777777777,13317
1514,24,0,2,22,26,1.5555555555555556,13325
1515,23,0,2,21,26,1.7777777777777777,13332
1516,23,0,2,21,26,1.2222222222222223,13339
1517,23,0,2,21,26,2.0,13347
1518,23,0,2,21,26,1.4444444444444444,13355
1519,23,0,2,21,26,1.7777777777777777,13363
1520,23,0,2,21,26,0.7777777777777778,13371
1521,23,0,2,21,26,2.0,13379
1522,23,0,2,21,26,1.4444444444444444,13388
1523,23,0,2,21,26,1.7777777777777777,13397
1524,23,0,2,21,27,0.7777777777777778,13406
1525,23,0,2,21,27,2.0,13415
1526,23,0,2,21,27,1.4444444444444444,13424
1527,23,0,2,21,27,1.7777777777777777,13433
1528,23,0,2,21,27,0.7777777777777778,13442
1529,23,0,2,21,27,2.0,13451
1530,33,9,3,21,28,1.4444444444444444,13460
1531,32,8,3,21,28,1.6666666666666667,13467
1532,33,8,3,22,28,1.5555555555555556,13474
1533,32,7,3,22,28,1.7777777777777777,13483
1534,32,7,3,22,28,1.2222222222222223,13491
1535,32,7,3,22,28,1.5555555555555556,13500
1536,32,7,3,22,28,1.4444444444444444,13509
1537,32,7,3,22,28,1.7777777777777777,13518
1538,32,7,3,22,28,1.2222222222222223,13527
1539,32,7,3,22,28,1.5555555555555556,13536
1540,32,7,3,22,28,1.4444444444444444,13545
1541,32,7,3,22,28,1.7777777777777777,13554
1542,32,7,3,22,28,1.2222222222222223,13563
1543,32,7,3,22,28,1.5555555555555556,13572
1544,32,7,3,22,28,1.4444444444444444,13579
1545,32,7,3,22,28,1.7777777777777777,13586
1546,31,7,3,21,28,2.0,13592
1547,29,6,2,21,28,1.2222222222222223,13598
1548,29,6,2,21,28,1.5555555555555556,13605
1549,29,6,2,21,28,1.4444444444444444,13614
1550,29,6,2,21,28,1.7777777777777777,13623
1551,29,6,2,21,28,1.2222222222222223,13632
1552,29,6,2,21,28,1.5555555555555556,13641
1553,29,6,2,21,28,1.4444444444444444,13649
1554,29,6,2,21,28,1.7777777777777777,13658
1555,29,6,2,21,28,1.2222222222222223,13667
1556,29,6,2,21,28,1.5555555555555556,13676
1557,29,6,2,21,28,1.4444444444444444,13685
1558,29,6,2,21,28,1.7777777777777777,13695
1559,29,6,2,21,28,1.2222222222222223,13706
1560,28,5,2,21,28,1.4444444444444444,13717
1561,28,5,2,21,29,1.7777777777777777,13727
1562,28,5,2,21,29,2.111111111111111,13737
1563,28,5,2,21,29,1.1111111111111112,13747
1564,28,5,2,21,29,1.4444444444444444,13757
1565,28,5,2,21,29,1.7777777777777777,13767
1566,28,5,2,21,29,1.6666666666666667,13775
1567,28,5,2,21,29,1.1111111111111112,13783
1568,28,5,2,21,29,1.4444444444444444,13790
1569,28,5,2,21,29,1.7777777777777777,13797
1570,28,5,2,21,29,1.6666666666666667,13804
1571,28,5,2,21,29,1.1111111111111112,13810
1572,27,4,2,21,29,1.3333333333333333,13817
1573,27,4,2,21,29,1.6666666666666667,13825
1574,28,4,3,21,29,2.0,13833
1575,27,4,3,20,29,0.8888888888888888,13842
1576,27,4,3,20,29,1.6666666666666667,13850
1577,27,4,3,20,29,1.5555555555555556,13859
1578,27,4,3,20,29,1.8888888888888888,13867
1579,26,3,3,20,29,0.7777777777777778,13875
1580,26,3,2,21,29,2.0,13883
1581,26,3,2,21,29,1.4444444444444444,13892
1582,26,3,2,21,29,1.7777777777777777,13901
1583,26,3,2,21,29,0.7777777777777778,13909
1584,26,3,2,21,29,2.0,13917
1585,25,2,2,21,29,1.3333333333333333,13925
1586,25,2,2,21,29,2.111111111111111,13933
1587,25,2,2,21,29,1.5555555555555556,13942
1588,25,2,2,21,29,1.8888888888888888,13951
1589,25,2,2,21,29,1.3333333333333333,13960
1590,25,0,4,21,29,1.6666666666666667,13969
1591,25,0,4,21,29,1.1111111111111112,13978
1592,25,0,4,21,29,1.8888888888888888,13987
1593,25,0,4,21,29,1.3333333333333333,13996
1594,25,0,4,21,29,1.6666666666666667,14005
1595,25,0,4,21,29,1.1111111111111112,14014
1596,26,0,5,21,29,1.8888888888888888,14023
1597,26,0,5,21,29,1.3333333333333333,14033
1598,26,0,5,21,30,1.6666666666666667,14043
1599,26,0,5,21,30,1.1111111111111112,14053
1600,26,0,5,21,30,1.8888888888888888,14063
1601,26,0,5,21,30,1.7777777777777777,14072
1602,25,0,4,21,30,1.5555555555555556,14081
1603,25,0,4,21,30,1.4444444444444444,14088
1604,24,0,3,21,30,1.6666666666666667,14095
1605,24,0,3,21,30,2.0,14103
1606,24,0,3,21,30,1.8888888888888888,14112
1607,24,0,3,21,30,0.8888888888888888,14121
1608,24,0,3,21,30,1.6666666666666667,14130
1609,24,0,3,21,30,2.0,14139
1610,24,0,2,22,30,1.4444444444444444,14148
1611,24,0,2,22,30,0.8888888888888888,14157
1612,24,0,2,22,30,1.6666666666666667,14166
1613,24,0,2,22,30,2.0,14175
1614,24,0,2,22,30,1.4444444444444444,14184
1615,24,0,2,22,30,0.8888888888888888,14193
1616,24,0,2,22,30,1.6666666666666667,14202
1617,24,0,2,22,30,2.0,14212
1618,24,0,2,22,30,1.4444444444444444,14223
1619,25,0,2,23,30,0.8888888888888888,14235
1620,36,10,3,23,30,1.6666666666666667,14248
1621,36,10,3,23,30,2.0,14256
1622,36,9,3,24,30,1.3333333333333333,14262
1623,36,9,3,24,30,1.2222222222222223,14268
1624,36,9,3,24,30,2.0,14276
1625,35,8,3,24,30,1.7777777777777777,14283
1626,34,8,3,23,30,1.5555555555555556,14289
1627,34,8,3,23,30,1.4444444444444444,14297
1628,35,8,4,23,30,1.3333333333333333,14303
1629,33,7,4,22,30,1.4444444444444444,14310
1630,33,7,4,22,30,1.7777777777777777,14316
1631,33,7,4,22,30,2.5555555555555554,14325
1632,33,7,4,22,30,1.1111111111111112,14334
1633,33,7,4,22,30,1.4444444444444444,14343
1634,33,7,4,22,30,1.7777777777777777,14351
1635,32,6,4,22,30,2.0,14358
1636,32,6,4,22,30,1.0,14365
1637,33,6,5,22,30,1.7777777777777777,14373
1638,32,5,5,22,30,1.5555555555555556,14382
1639,32,5,5,22,30,2.3333333333333335,14391
1640,32,5,5,22,30,0.8888888888888888,14401
1641,32,5,5,22,31,1.6666666666666667,14411
1642,33,5,6,22,31,1.5555555555555556,14420
1643,33,5,6,22,31,1.8888888888888888,14430
1644,33,5,6,22,32,0.8888888888888888,14439
1645,33,5,6,22,32,1.6666666666666667,14448
1646,33,5,6,22,32,1.5555555555555556,14457
1647,32,5,5,22,32,1.7777777777777777,14466
1648,32,5,5,22,32,1.2222222222222223,14475
1649,32,5,5,22,32,2.0,14485
1650,32,5,5,22,32,1.8888888888888888,14494
1651,32,5,5,22,32,2.2222222222222223,14504
1652,32,5,5,22,32,1.2222222222222223,14514
1653,32,5,5,22,32,1.5555555555555556,14523
1654,32,5,5,22,32,1.4444444444444444,14532
1655,31,4,5,22,32,1.6666666666666667,14541
1656,31,4,5,22,32,1.5555555555555556,14550
1657,31,4,5,22,32,1.4444444444444444,14560
1658,31,4,5,22,32,1.3333333333333333,14569
1659,31,4,5,22,32,1.6666666666666667,14578
1660,31,4,5,22,32,1.5555555555555556,14586
1661,31,4,5,22,32,1.4444444444444444,14594
1662,30,3,5,22,32,1.2222222222222223,14602
1663,30,3,5,22,32,2.0,14610
1664,30,3,5,22,32,1.8888888888888888,14617
1665,30,3,5,22,32,1.3333333333333333,14624
1666,29,3,4,22,32,1.5555555555555556,14630
1667,28,3,4,21,32,2.2222222222222223,14635
1668,27,3,3,21,32,1.5555555555555556,14640
1669,27,3,3,21,32,1.8888888888888888,14646
1670,26,2,1,23,32,1.2222222222222223,14654
1671,26,2,1,23,32,2.4444444444444446,14662
1672,27,2,2,23,32,1.4444444444444444,14671
1673,27,2,2,23,32,1.3333333333333333,14681
1674,27,2,2,23,32,1.2222222222222223,14690
1675,27,2,2,23,32,2.0,14699
1676,27,2,2,23,32,1.4444444444444444,14708
1677,27,2,2,23,32,1.3333333333333333,14717
1678,27,2,2,23,32,1.2222222222222223,14725
1679,28,2,3,23,32,2.4444444444444446,14732
1680,27,0,4,23,32,1.7777777777777777,14739
1681,27,0,4,23,32,2.111111111111111,14746
1682,27,0,4,23,32,2.0,14753
1683,27,0,4,23,32,3.2222222222222223,14760
1684,26,0,3,23,32,2.111111111111111,14767
1685,27,0,3,24,32,2.0,14775
1686,27,0,3,24,32,1.8888888888888888,14785
1687,27,0,3,24,33,3.111111111111111,14794
1688,27,0,3,24,33,2.111111111111111,14803
1689,27,0,3,24,33,1.5555555555555556,14812
1690,27,0,3,24,33,1.4444444444444444,14821
1691,27,0,3,24,33,2.6666666666666665,14830
1692,27,0,3,24,33,1.6666666666666667,14838
1693,26,0,2,24,33,1.0,14846
1694,26,0,2,24,33,1.3333333333333333,14854
1695,26,0,2,24,33,2.111111111111111,14863
1696,26,0,2,24,33,1.5555555555555556,14872
1697,27,0,2,25,33,1.0,14881
1698,27,0,2,25,33,1.3333333333333333,14891
1699,27,0,2,25,33,2.111111111111111,14901
1700,27,0,2,25,33,1.5555555555555556,14911
1701,27,0,2,25,33,1.0,14921
1702,27,0,2,25,33,1.3333333333333333,14930
1703,27,0,2,25,33,2.111111111111111,14939
1704,27,0,2,25,33,1.5555555555555556,14948
1705,27,0,2,25,33,1.0,14956
1706,27,0,2,25,33,1.3333333333333333,14964
1707,26,0,2,24,33,2.0,14972
1708,26,0,2,24,33,1.4444444444444444,14980
1709,26,0,2,24,33,1.3333333333333333,14988
1710,37,10,3,24,33,1.2222222222222223,14997
1711,37,10,3,24,33,2.0,15006
1712,36,9,3,24,33,1.3333333333333333,15013
1713,35,8,3,24,33,1.1111111111111112,15019
1714,35,8,3,24,33,1.8888888888888888,15025
1715,33,6,3,24,33,1.5555555555555556,15032
1716,33,6,3,24,33,1.8888888888888888,15039
1717,33,6,3,24,33,1.7777777777777777,15048
1718,33,6,3,24,33,1.6666666666666667,15057
1719,33,6,3,24,33,1.5555555555555556,15066
1720,33,6,3,24,33,1.4444444444444444,15075
1721,33,6,3,24,33,1.3333333333333333,15084
1722,33,6,3,24,34,1.6666666666666667,15093
1723,33,6,3,24,34,1.5555555555555556,15102
1724,33,6,3,24,34,1.4444444444444444,15111
1725,33,6,3,24,34,1.3333333333333333,15120
1726,34,6,4,24,34,1.6666666666666667,15129
1727,34,6,4,24,34,1.5555555555555556,15139
1728,34,6,4,24,34,1.4444444444444444,15148
1729,34,6,4,24,34,1.3333333333333333,15157
1730,34,6,4,24,34,1.6666666666666667,15166
1731,34,6,4,24,34,1.5555555555555556,15175
1732,34,6,4,24,34,1.4444444444444444,15184
1733,34,6,4,24,34,1.3333333333333333,15193
1734,34,6,4,24,34,1.6666666666666667,15201
1735,33,6,3,24,34,1.4444444444444444,15208
1736,33,6,3,24,34,1.7777777777777777,15214
1737,33,6,3,24,34,3.0,15223
1738,33,6,3,24,34,2.4444444444444446,15233
1739,31,5,3,23,34,1.6666666666666667,15243
1740,31,5,3,23,34,2.0,15253
1741,31,5,3,23,34,1.4444444444444444,15264
1742,31,5,3,23,34,1.3333333333333333,15275
1743,31,5,3,23,34,1.2222222222222223,15286
1744,31,5,3,23,34,2.0,15297
1745,30,4,3,23,34,1.3333333333333333,15308
1746,30,4,3,23,34,1.6666666666666667,15319
1747,30,4,3,23,34,2.0,15330
1748,30,4,3,23,34,1.8888888888888888,15341
1749,30,4,3,23,34,1.3333333333333333,15352
1750,30,4,3,23,34,1.2222222222222223,15363
1751,30,4,3,23,34,1.5555555555555556,15375
1752,31,4,3,24,34,1.8888888888888888,15387
1753,31,4,3,24,34,1.3333333333333333,15400
1754,31,4,3,24,34,1.2222222222222223,15411
1755,31,4,3,24,35,1.5555555555555556,15422
1756,31,4,3,24,35,1.8888888888888888,15433
1757,31,4,3,24,35,1.3333333333333333,15444
1758,31,4,3,24,35,1.2222222222222223,15455
1759,31,4,3,24,35,1.5555555555555556,15466
1760,31,4,1,26,35,1.8888888888888888,15478
1761,32,4,2,26,35,1.3333333333333333,15489
1762,32,4,2,26,35,1.2222222222222223,15501
1763,32,4,2,26,35,1.5555555555555556,15512
1764,32,4,2,26,35,1.8888888888888888,15522
1765,32,4,2,26,35,1.3333333333333333,15532
1766,32,4,2,26,35,1.2222222222222223,15542
1767,32,4,2,26,35,2.0,15550
1768,31,4,1,26,35,2.2222222222222223,15558
1769,30,3,1,26,35,2.4444444444444446,15566
1770,30,0,4,26,35,2.3333333333333335,15576
1771,30,0,4,26,35,3.111111111111111,15585
1772,29,0,4,25,35,2.0,15594
1773,29,0,4,25,35,1.4444444444444444,15602
1774,29,0,4,25,35,1.7777777777777777,15610
1775,29,0,4,25,35,2.111111111111111,15618
1776,29,0,4,25,35,1.5555555555555556,15626
1777,29,0,4,25,35,1.0,15635
1778,29,0,4,25,35,1.3333333333333333,15644
1779,29,0,4,25,35,2.111111111111111,15653
1780,29,0,4,25,35,1.5555555555555556,15662
1781,29,0,4,25,35,1.0,15671
1782,30,0,5,25,35,1.3333333333333333,15680
1783,30,0,5,25,35,2.111111111111111,15690
1784,30,0,5,25,35,1.5555555555555556,15699
1785,31,0,5,26,35,1.0,15708
1786,31,0,5,26,35,1.3333333333333333,15718
1787,31,0,5,26,35,2.111111111111111,15728
1788,31,0,5,26,35,1.5555555555555556,15737
1789,31,0,5,26,35,1.0,15746
1790,31,0,4,27,35,1.3333333333333333,15755
1791,31,0,4,27,35,2.111111111111111,15766
1792,31,0,4,27,35,1.5555555555555556,15778
1793,31,0,4,27,35,1.0,15790
1794,31,0,4,27,35,1.3333333333333333,15801
1795,31,0,4,27,35,2.111111111111111,15812
1796,30,0,3,27,35,1.8888888888888888,15821
1797,30,0,3,27,35,1.7777777777777777,15830
1798,30,0,3,27,35,3.0,15839
1799,30,0,3,27,35,3.3333333333333335,15850
1800,43,12,4,27,35,2.7777777777777777,15861
1801,42,11,4,27,35,1.6666666666666667,15875
1802,42,11,4,27,35,2.4444444444444446,15886
1803,42,11,4,27,35,2.3333333333333335,15895
1804,42,11,4,27,35,1.7777777777777777,15905
1805,42,11,4,27,35,1.2222222222222223,15913
1806,41,10,4,27,35,1.8888888888888888,15922
1807,40,9,4,27,35,2.111111111111111,15928
1808,40,9,4,27,35,1.5555555555555556,15934
1809,40,9,4,27,35,1.8888888888888888,15940
1810,41,9,5,27,35,1.7777777777777777,15947
1811,41,9,5,27,36,1.5555555555555556,15955
1812,41,9,5,27,36,2.3333333333333335,15963
1813,40,8,5,27,36,1.6666666666666667,15971
1814,39,8,4,27,36,2.7777777777777777,15978
1815,39,8,4,27,36,3.111111111111111,15985
1816,39,8,4,27,36,3.4444444444444446,15994
1817,39,8,4,27,36,2.0,16002
1818,39,8,4,27,36,1.8888888888888888,16009
1819,39,8,4,27,36,2.6666666666666665,16015
1820,37,7,4,26,36,1.8888888888888888,16021
1821,37,7,4,26,36,1.3333333333333333,16027
1822,36,6,4,26,36,1.5555555555555556,16034
1823,36,6,4,26,36,2.3333333333333335,16041
1824,36,6,4,26,36,1.3333333333333333,16050
1825,36,6,4,26,36,1.2222222222222223,16059
1826,36,6,4,26,36,1.5555555555555556,16068
1827,36,6,4,26,36,1.8888888888888888,16077
1828,36,6,4,26,36,1.3333333333333333,16086
1829,36,6,4,26,36,1.2222222222222223,16095
1830,37,6,5,26,36,1.5555555555555556,16104
1831,37,6,5,26,36,1.8888888888888888,16114
1832,37,6,4,27,36,1.2222222222222223,16124
1833,37,6,4,27,36,1.5555555555555556,16134
1834,37,6,4,27,37,1.8888888888888888,16143
1835,37,6,4,27,37,1.7777777777777777,16151
1836,36,6,4,26,37,1.1111111111111112,16159
1837,36,6,4,26,37,1.8888888888888888,16167
1838,36,6,4,26,37,1.3333333333333333,16176
1839,36,6,4,26,37,1.6666666666666667,16185
1840,36,6,4,26,37,1.1111111111111112,16194
1841,36,6,4,26,37,1.8888888888888888,16203
1842,36,6,4,26,37,1.3333333333333333,16212
1843,36,6,4,26,37,1.6666666666666667,16221
1844,36,6,4,26,37,1.1111111111111112,16230
1845,36,6,4,26,37,1.8888888888888888,16239
1846,36,6,4,26,37,1.3333333333333333,16248
1847,36,6,4,26,37,1.6666666666666667,16257
1848,36,6,4,26,37,1.1111111111111112,16266
1849,36,6,4,26,37,1.8888888888888888,16275
1850,37,6,1,30,37,1.3333333333333333,16284
1851,37,6,1,30,37,1.6666666666666667,16294
1852,37,6,1,30,37,1.1111111111111112,16303
1853,37,6,1,30,37,1.8888888888888888,16312
1854,37,6,1,30,37,1.3333333333333333,16321
1855,37,6,1,30,37,1.6666666666666667,16330
1856,37,6,1,30,38,1.1111111111111112,16338
1857,37,6,1,30,38,1.8888888888888888,16346
1858,37,6,1,30,38,1.7777777777777777,16354
1859,36,6,1,29,38,1.5555555555555556,16362
1860,36,0,7,29,38,1.0,16370
1861,36,0,7,29,38,1.7777777777777777,16379
1862,36,0,7,29,38,1.6666666666666667,16388
1863,36,0,7,29,38,1.5555555555555556,16397
1864,36,0,7,29,38,1.0,16406
1865,36,0,7,29,38,1.7777777777777777,16415
1866,36,0,7,29,38,1.6666666666666667,16424
1867,36,0,7,29,38,1.5555555555555556,16433
1868,36,0,7,29,38,1.0,16442
1869,36,0,7,29,38,1.7777777777777777,16451
1870,36,0,7,29,38,1.6666666666666667,16459
1871,36,0,7,29,38,1.5555555555555556,16467
1872,36,0,7,29,38,1.4444444444444444,16475
1873,35,0,7,28,39,1.6666666666666667,16483
1874,35,0,7,28,39,1.5555555555555556,16491
1875,35,0,7,28,39,1.4444444444444444,16500
1876,35,0,7,28,39,1.3333333333333333,16509
1877,35,0,7,28,39,1.6666666666666667,16518
1878,35,0,7,28,39,1.5555555555555556,16527
1879,35,0,7,28,39,1.4444444444444444,16536
1880,35,0,6,29,39,1.3333333333333333,16545
1881,35,0,6,29,39,1.6666666666666667,16554
1882,35,0,6,29,39,1.5555555555555556,16563
1883,35,0,6,29,39,1.4444444444444444,16572
1884,35,0,6,29,39,1.3333333333333333,16581
1885,35,0,6,29,39,1.6666666666666667,16590
1886,35,0,6,29,39,1.5555555555555556,16599
1887,35,0,6,29,40,1.4444444444444444,16608
1888,35,0,6,29,40,1.3333333333333333,16617
1889,35,0,6,29,40,1.6666666666666667,16626
1890,48,12,7,29,40,1.5555555555555556,16635
1891,47,11,7,29,40,1.3333333333333333,16644
1892,47,11,7,29,40,1.6666666666666667,16653
1893,47,11,7,29,40,1.5555555555555556,16662
1894,47,11,7,29,40,1.4444444444444444,16671
1895,47,11,7,29,40,1.3333333333333333,16680
1896,47,11,7,29,40,1.6666666666666667,16689
1897,47,11,7,29,40,1.5555555555555556,16698
1898,47,11,7,29,40,1.4444444444444444,16707
1899,47,11,7,29,40,1.3333333333333333,16716
1900,47,11,7,29,40,1.6666666666666667,16725
1901,47,11,7,29,40,1.5555555555555556,16734
1902,47,11,7,29,40,1.4444444444444444,16743
1903,47,11,7,29,40,1.3333333333333333,16752
1904,47,11,7,29,40,1.6666666666666667,16761
1905,47,11,7,29,40,1.5555555555555556,16770
1906,47,11,7,29,40,1.4444444444444444,16779
1907,47,11,7,29,40,1.3333333333333333,16788
1908,47,11,7,29,40,1.6666666666666667,16797
1909,47,11,7,29,40,1.5555555555555556,16806
1910,47,11,7,29,40,1.4444444444444444,16815
1911,47,11,7,29,40,1.3333333333333333,16824
1912,47,11,7,29,40,1.6666666666666667,16833
1913,47,11,7,29,40,1.5555555555555556,16842
1914,47,11,7,29,40,1.4444444444444444,16850
1915,47,11,7,29,40,1.3333333333333333,16857
1916,46,10,7,29,40,1.5555555555555556,16864
1917,45,9,7,29,40,1.7777777777777777,16871
1918,45,9,7,29,40,2.111111111111111,16880
1919,45,9,7,29,40,2.0,16890
1920,45,9,7,29,40,1.4444444444444444,16900
1921,45,9,7,29,40,1.7777777777777777,16910
1922,45,9,7,29,40,1.2222222222222223,16920
1923,45,9,7,29,40,1.5555555555555556,16930
1924,46,9,8,29,40,1.4444444444444444,16938
1925,47,9,9,29,40,1.7777777777777777,16946
1926,45,8,9,28,40,1.0,16955
1927,45,8,9,28,40,2.2222222222222223,16963
1928,45,8,9,28,40,1.6666666666666667,16971
1929,45,8,9,28,40,1.5555555555555556,16979
1930,45,8,9,28,40,1.0,16987
1931,45,8,9,28,40,2.2222222222222223,16994
1932,44,8,8,28,40,1.1111111111111112,17002
1933,44,8,8,28,40,1.4444444444444444,17010
1934,44,8,8,28,40,1.3333333333333333,17019
1935,44,8,8,28,40,2.111111111111111,17028
1936,44,8,8,28,40,1.1111111111111112,17036
1937,45,8,9,28,40,1.4444444444444444,17044
1938,44,8,8,28,40,1.6666666666666667,17050
1939,42,7,7,28,40,2.2222222222222223,17055
1940,42,7,1,34,40,2.111111111111111,17061
1941,42,7,1,34,40,2.888888888888889,17069
1942,41,6,1,34,40,1.7777777777777777,17077
1943,41,6,1,34,40,2.5555555555555554,17085
1944,41,6,1,34,40,1.1111111111111112,17094
1945,41,6,1,34,40,1.8888888888888888,17102
1946,41,6,1,34,40,1.3333333333333333,17110
1947,41,6,1,34,40,1.6666666666666667,17116
1948,40,5,1,34,40,1.0,17122
1949,39,5,0,34,40,1.6666666666666667,17129
1950,39,0,5,34,40,2.0,17137
1951,40,0,6,34,40,1.4444444444444444,17146
1952,40,0,6,34,40,0.8888888888888888,17156
1953,40,0,6,34,40,1.6666666666666667,17165
1954,40,0,6,34,40,2.0,17173
1955,39,0,6,33,40,1.3333333333333333,17181
1956,40,0,6,34,41,0.7777777777777778,17189
1957,40,0,6,34,41,2.0,17199
1958,40,0,6,34,41,1.8888888888888888,17208
1959,40,0,6,34,41,1.3333333333333333,17217
1960,40,0,6,34,41,0.7777777777777778,17226
1961,40,0,6,34,41,2.0,17233
1962,39,0,5,34,41,1.7777777777777777,17240
1963,39,0,5,34,41,2.111111111111111,17248
1964,39,0,5,34,41,1.5555555555555556,17257
1965,39,0,5,34,41,2.3333333333333335,17266
1966,39,0,5,34,41,1.7777777777777777,17275
1967,39,0,5,34,41,1.6666666666666667,17284
1968,39,0,5,34,41,0.6666666666666666,17293
1969,39,0,5,34,41,1.8888888888888888,17302
1970,39,0,5,34,42,1.7777777777777777,17311
1971,39,0,5,34,42,1.6666666666666667,17320
1972,39,0,5,34,42,0.6666666666666666,17329
1973,39,0,5,34,42,1.8888888888888888,17338
1974,39,0,5,34,42,1.7777777777777777,17347
1975,39,0,5,34,42,1.6666666666666667,17356
1976,39,0,5,34,42,0.6666666666666666,17365
1977,39,0,5,34,42,1.8888888888888888,17374
1978,39,0,5,34,42,1.7777777777777777,17383
1979,39,0,5,34,42,1.6666666666666667,17392
1980,53,12,6,35,42,0.6666666666666666,17401
1981,53,12,6,35,42,1.8888888888888888,17409
1982,51,10,6,35,42,1.5555555555555556,17414
1983,51,10,6,35,42,1.4444444444444444,17419
1984,50,9,6,35,42,1.2222222222222223,17427
1985,50,9,6,35,42,2.0,17434
1986,50,9,6,35,42,1.8888888888888888,17440
1987,49,9,6,34,42,1.6666666666666667,17446
1988,49,8,7,34,42,1.4444444444444444,17452
1989,49,8,7,34,42,2.2222222222222223,17464
1990,47,6,7,34,42,1.0,17475
1991,47,6,7,34,42,1.3333333333333333,17486
1992,47,6,7,34,42,2.111111111111111,17497
1993,47,6,7,34,42,1.5555555555555556,17506
1994,46,5,7,34,42,0.8888888888888888,17515
1995,46,5,7,34,42,1.6666666666666667,17524
1996,46,5,7,34,42,2.4444444444444446,17535
1997,46,5,7,34,42,1.4444444444444444,17544
1998,47,5,8,34,42,0.8888888888888888,17553
1999,47,5,8,34,42,1.6666666666666667,17563
2000,48,5,9,34,42,2.0,17572
2001,48,5,9,34,42,1.4444444444444444,17582
2002,48,5,9,34,43,0.8888888888888888,17592
2003,48,5,9,34,43,1.6666666666666667,17602
2004,48,5,9,34,43,2.0,17611
2005,48,5,9,34,43,1.8888888888888888,17619
2006,46,4,8,34,43,0.6666666666666666,17628
2007,46,4,8,34,43,2.3333333333333335,17637
2008,46,4,8,34,43,2.2222222222222223,17648
2009,46,4,8,34,43,1.6666666666666667,17659
2010,46,4,8,34,43,0.6666666666666666,17670
2011,46,4,8,34,43,1.8888888888888888,17680
2012,45,3,8,34,43,1.6666666666666667,17690
2013,46,3,9,34,43,1.5555555555555556,17701
2014,46,3,9,34,43,1.4444444444444444,17714
2015,45,3,8,34,43,1.6666666666666667,17724
2016,45,3,8,34,43,1.5555555555555556,17735
2017,45,3,8,34,43,1.4444444444444444,17747
2018,45,3,8,34,43,1.3333333333333333,17759
2019,45,3,8,34,43,1.6666666666666667,17771
2020,45,3,8,34,43,1.5555555555555556,17782
2021,45,3,8,34,43,1.4444444444444444,17793
2022,45,3,8,34,43,1.3333333333333333,17803
2023,45,3,7,35,43,1.5555555555555556,17812
2024,45,3,7,35,43,1.8888888888888888,17822
2025,45,3,7,35,43,2.2222222222222223,17832
2026,45,3,7,35,43,1.2222222222222223,17842
2027,45,3,7,35,43,1.5555555555555556,17852
2028,45,3,7,35,43,1.4444444444444444,17863
2029,45,3,7,35,43,2.2222222222222223,17873
2030,44,2,2,40,43,1.1111111111111112,17882
2031,43,2,1,40,43,1.7777777777777777,17890
2032,43,2,1,40,43,1.6666666666666667,17900
2033,43,2,1,40,43,2.0,17911
2034,43,2,1,40,43,1.0,17922
2035,43,2,1,40,43,1.3333333333333333,17934
2036,43,2,1,40,43,1.6666666666666667,17945
2037,43,2,1,40,43,2.0,17956
2038,43,2,1,40,43,1.0,17967
2039,43,2,1,40,43,1.3333333333333333,17977
2040,45,0,4,41,43,1.6666666666666667,17988
2041,44,0,4,40,43,1.8888888888888888,17999
2042,44,0,4,40,43,1.3333333333333333,18008
2043,44,0,4,40,43,1.2222222222222223,18017
2044,44,0,4,40,43,1.5555555555555556,18026
2045,44,0,4,40,43,1.8888888888888888,18034
2046,43,0,3,40,43,1.2222222222222223,18042
2047,43,0,3,40,43,2.0,18050
2048,43,0,3,40,43,2.7777777777777777,18059
2049,43,0,3,40,43,2.6666666666666665,18068
2050,43,0,3,40,43,2.111111111111111,18079
2051,43,0,3,40,43,2.0,18088
2052,43,0,3,40,43,1.8888888888888888,18099
2053,43,0,3,40,43,1.7777777777777777,18112
2054,43,0,3,40,43,1.2222222222222223,18125
2055,43,0,3,40,43,1.1111111111111112,18138
2056,43,0,3,40,43,1.8888888888888888,18150
2057,43,0,3,40,43,1.7777777777777777,18162
2058,43,0,3,40,43,1.2222222222222223,18172
2059,43,0,3,40,43,1.1111111111111112,18182
2060,43,0,2,41,43,1.8888888888888888,18193
2061,43,0,2,41,43,1.7777777777777777,18204
2062,43,0,2,41,43,1.2222222222222223,18215
2063,43,0,2,41,43,1.1111111111111112,18225
2064,43,0,2,41,43,1.8888888888888888,18236
2065,43,0,2,41,43,1.7777777777777777,18247
2066,43,0,2,41,43,1.2222222222222223,18258
2067,43,0,2,41,43,1.1111111111111112,18271
2068,43,0,2,41,43,1.8888888888888888,18284
2069,43,0,2,41,43,1.7777777777777777,18297
2070,56,12,3,41,43,1.1111111111111112,18310
2071,56,12,3,41,43,1.4444444444444444,18323
2072,55,11,3,41,43,2.111111111111111,18338
2073,55,11,3,41,43,2.0,18353
2074,55,11,3,41,43,1.0,18366
2075,55,11,3,41,43,1.3333333333333333,18379
2076,55,11,3,41,43,2.111111111111111,18393
2077,55,11,3,41,43,1.5555555555555556,18407
2078,55,11,3,41,43,1.0,18421
2079,55,11,3,41,43,1.3333333333333333,18432
2080,55,11,3,41,44,2.111111111111111,18441
2081,55,11,3,41,44,1.5555555555555556,18450
2082,55,11,3,41,44,1.0,18459
2083,55,11,3,41,44,1.3333333333333333,18467
2084,55,11,3,41,44,2.111111111111111,18475
2085,54,10,3,41,44,1.4444444444444444,18482
2086,54,10,3,41,44,1.3333333333333333,18489
2087,54,10,3,41,44,1.2222222222222223,18495
2088,54,9,4,41,44,1.8888888888888888,18502
2089,54,9,4,41,44,1.3333333333333333,18510
2090,54,9,4,41,44,1.6666666666666667,18521
2091,54,9,4,41,44,1.1111111111111112,18531
2092,54,9,4,41,44,1.8888888888888888,18541
2093,52,8,3,41,44,1.1111111111111112,18550
2094,52,8,3,41,44,2.3333333333333335,18557
2095,51,8,3,40,44,1.6666666666666667,18563
2096,51,8,3,40,44,1.5555555555555556,18569
2097,51,8,3,40,44,1.8888888888888888,18576
2098,50,7,3,40,44,1.6666666666666667,18583
2099,50,7,3,40,44,2.0,18589
2100,50,7,3,40,44,1.8888888888888888,18598
2101,50,7,3,40,44,2.2222222222222223,18607
2102,51,7,4,40,44,1.6666666666666667,18616
2103,51,7,4,40,44,1.1111111111111112,18626
2104,50,6,4,40,44,1.3333333333333333,18633
2105,49,6,4,39,44,2.0,18640
2106,49,6,4,39,44,1.8888888888888888,18648
2107,49,6,4,39,44,1.3333333333333333,18657
2108,49,6,4,39,44,1.2222222222222223,18664
2109,49,6,4,39,44,2.0,18671
2110,49,6,3,40,45,1.7777777777777777,18678
2111,49,6,3,40,45,2.5555555555555554,18687
2112,50,6,4,40,45,2.0,18696
2113,50,6,4,40,45,2.3333333333333335,18706
2114,50,6,4,40,45,1.7777777777777777,18714
2115,49,6,3,40,45,2.0,18721
2116,49,6,3,40,45,2.7777777777777777,18728
2117,48,5,3,40,45,2.5555555555555554,18736
2118,48,5,3,40,45,2.0,18744
2119,48,5,3,40,45,2.3333333333333335,18753
2120,48,5,1,42,46,2.2222222222222223,18762
2121,48,5,1,42,46,2.111111111111111,18771
2122,48,5,1,42,46,1.5555555555555556,18780
2123,48,5,1,42,46,1.8888888888888888,18789
2124,48,5,1,42,46,1.7777777777777777,18798
2125,48,5,1,42,46,1.6666666666666667,18807
2126,48,5,1,42,46,1.1111111111111112,18816
2127,48,5,1,42,46,1.4444444444444444,18825
2128,48,5,1,42,46,2.2222222222222223,18833
2129,47,4,1,42,46,1.5555555555555556,18841
2130,47,0,5,42,46,1.0,18849
2131,47,0,5,42,46,1.3333333333333333,18858
2132,48,0,5,43,46,2.111111111111111,18867
2133,48,0,5,43,46,1.5555555555555556,18877
2134,48,0,5,43,46,1.0,18886
2135,48,0,5,43,46,1.3333333333333333,18895
2136,48,0,5,43,46,2.111111111111111,18904
2137,48,0,5,43,46,1.5555555555555556,18913
2138,48,0,5,43,46,1.0,18922
2139,48,0,5,43,46,1.3333333333333333,18931
2140,48,0,5,43,46,2.111111111111111,18939
2141,48,0,5,43,46,1.5555555555555556,18948
2142,48,0,5,43,46,1.4444444444444444,18956
2143,47,0,5,42,46,1.2222222222222223,18964
2144,47,0,5,42,46,2.0,18972
2145,47,0,5,42,46,1.4444444444444444,18984
2146,47,0,5,42,46,1.3333333333333333,18995
2147,47,0,5,42,46,1.2222222222222223,19009
2148,47,0,5,42,46,2.0,19024
2149,47,0,5,42,46,1.4444444444444444,19037
2150,47,0,4,43,46,1.3333333333333333,19051
2151,47,0,4,43,46,1.2222222222222223,19064
2152,47,0,4,43,46,2.0,19082
2153,47,0,4,43,46,1.4444444444444444,19101
2154,47,0,4,43,46,1.3333333333333333,19121
2155,47,0,4,43,46,1.2222222222222223,19138
2156,47,0,4,43,46,2.0,19153
2157,47,0,4,43,47,1.4444444444444444,19173
2158,47,0,4,43,47,1.3333333333333333,19195
2159,47,0,4,43,47,1.2222222222222223,19212
2160,61,13,5,43,47,2.0,19228
2161,61,13,5,43,47,1.4444444444444444,19248
2162,59,11,5,43,47,1.1111111111111112,19268
2163,58,10,5,43,47,1.7777777777777777,19281
2164,58,10,5,43,47,3.0,19294
2165,58,10,5,43,47,2.0,19308
2166,58,10,5,43,47,1.0,19322
2167,58,10,5,43,47,1.7777777777777777,19336
2168,58,10,5,43,47,1.6666666666666667,19349
2169,58,10,5,43,47,1.5555555555555556,19362
2170,59,10,6,43,47,1.0,19373
2171,59,10,6,43,47,2.2222222222222223,19386
2172,58,10,5,43,47,1.5555555555555556,19397
2173,58,10,5,43,47,1.8888888888888888,19411
2174,59,10,6,43,47,1.3333333333333333,19430
2175,58,10,5,43,47,2.0,19451
2176,58,10,5,43,47,1.4444444444444444,19469
2177,58,10,5,43,47,1.2222222222222223,19486
2178,57,9,5,43,47,1.4444444444444444,19498
2179,57,9,5,43,47,2.2222222222222223,19510
2180,57,9,5,43,47,1.6666666666666667,19525
2181,57,9,5,43,47,1.1111111111111112,19539
2182,57,9,5,43,47,1.4444444444444444,19549
2183,56,9,5,42,47,2.111111111111111,19560
